Name_A,Arizona,Arizona St,Arkansas,Auburn,Baylor,Boise St,Col Charleston,Colgate,Connecticut,Creighton,Drake,Duke,F Dickinson,FL Atlantic,Furman,Gonzaga,Grand Canyon,Houston,Howard,Illinois,Indiana,Iona,Iowa,Iowa St,Kansas,Kansas St,Kennesaw,Kent,Kentucky,Marquette,Maryland,Memphis,Miami FL,Michigan St,Mississippi St,Missouri,Montana St,N Kentucky,NC State,Nevada,Northwestern,Oral Roberts,Penn St,Pittsburgh,Princeton,Providence,Purdue,San Diego St,UC Santa Barbara,SE Missouri St,St Mary's CA,TAM C. Christi,TCU,Tennessee,Texas,Texas A&M,TX Southern,UCLA,Louisiana,UNC Asheville,USC,Utah St,VCU,Vermont,Virginia,West Virginia,Xavier
Alabama,0.4996095112632467,0.7942737038680143,0.6530647180238567,0.5452151627708773,0.48705579942432586,0.8324238178225501,0.8112900215102553,0.9550242556873044,0.47883494457672227,0.6039122841502949,0.8974940574363424,0.5783179722440523,0.9955397287757516,0.8053849311122983,0.8065919301190257,0.4133421148550446,0.9347860242434516,0.2189554553125347,0.9861732038268416,0.7065302860792388,0.576266124881431,0.8448567649863011,0.6662215688365887,0.6848642677392536,0.3647163402257768,0.6449008523971812,0.9761608784259588,0.8624829168828823,0.6652446268140387,0.40849973099306214,0.7413432265736077,0.5889029686899939,0.6881998863100017,0.7357349702734626,0.7701623485016325,0.5908226597789091,0.9557562162113648,0.9604114515122288,0.7986438011946518,0.8975515993921369,0.7954275172330264,0.8788072952376387,0.8035781950230301,0.8565489123341791,0.9570300169449264,0.774307930354813,0.5492127132509743,0.7584694281077076,0.945797756493342,0.956429344584058,0.7159634159235437,0.9401553695399544,0.5493184394274672,0.5547887585964717,0.3330165761023224,0.5604109967357932,0.9940487710138274,0.4625700272738769,0.9275998005866948,0.9692812882783514,0.6410291938205278,0.7640344649624777,0.8046864123612321,0.9559215079631234,0.8686741839724906,0.6669368256712419,0.7003870768595583
Arizona,NA,0.6632134327491317,0.48982739055976227,0.3794512723146692,0.35951261002390056,0.7170082515953803,0.7743998065011622,0.9154737364163276,0.3190926226745964,0.46975761947658923,0.8170446625761224,0.41771553662297506,0.991507513737352,0.6840108721126837,0.8030641394742418,0.2643656030790045,0.8796806856370825,0.12509981069460452,0.9732469537174848,0.551159733261856,0.40956351821838344,0.7352810842168794,0.5044775994871796,0.5257230690877455,0.22649912185816404,0.4871700211596539,0.9543080932499884,0.7618471336804065,0.5096798067752185,0.2653778523045199,0.5128596199590473,0.4283469941194266,0.5295861406118002,0.5928806497927666,0.6308800538361341,0.47740101698478454,0.9186957912476836,0.9252273877128104,0.5975741399022206,0.8171381636779365,0.6647920823594761,0.7913617046649357,0.6760277045681367,0.7528151484762963,0.8697176908394604,0.642163636300747,0.3892322674939759,0.5105999065855883,0.8150318528523034,0.9773079139890458,0.5624944786203705,0.963599870788417,0.3833586173668105,0.3946058834613587,0.20297439638393416,0.39402991175990854,0.9886840075653722,0.3050774877362137,0.8701584663183034,0.9415000694265973,0.48295740539889787,0.5865995214534605,0.677566810714816,0.918987802416432,0.6596347075543338,0.4645814139478845,0.5438638827954893
Arizona St,NA,NA,0.23298842777536777,0.130153126289387,0.0723838074500252,0.4277103544302277,0.45288114830327886,0.6949643693732657,0.15353562051660524,0.12721241095072772,0.5032785032555183,0.11640972152211924,0.96586042376097,0.30541568989743534,0.5083999218120306,0.2122661669310563,0.6565127152557424,0.04104799228830085,0.8849250875970716,0.269754980124329,0.16144966912132894,0.4058216474291439,0.2034915239364884,0.22633294440198223,0.11648388528024724,0.1422829273614209,0.818366786647665,0.41442369451293193,0.1637219455808646,0.05794712199707888,0.1718550497146744,0.12923860337977194,0.23353959233406713,0.2195268719062649,0.2845220375425926,0.12676680493259246,0.7224942826893865,0.7173667646414397,0.3278876036379917,0.6582570523201254,0.5159055187137049,0.4538460477745512,0.3323989544711654,0.41472870056073485,0.7701865875706874,0.2771321751368181,0.09568876649474582,0.15022972105492777,0.714008337793369,0.9270377221105714,0.32119068844823356,0.8864891005700102,0.32195040904310573,0.10452626952638724,0.06919562745130306,0.14335189668027995,0.9548978776466502,0.22325626123700815,0.6009123492432311,0.7449170987339926,0.16288741875817606,0.27466653696555465,0.35209769650444006,0.7282945764599902,0.23795096918422656,0.15245272530540763,0.25339247685456423
Arkansas,NA,NA,NA,0.2215128432797211,0.13796546566712078,0.5609856134449978,0.6293215083783824,0.8124738764168847,0.26910739930059713,0.23014538191886255,0.6583270419211407,0.21273227813462448,0.9830585524036528,0.4741988697138168,0.6796026537663362,0.20504425964861073,0.7508735929901381,0.07527380499011813,0.883370079830701,0.5355103912920538,0.2680090224902486,0.5389018752854665,0.32697917169198165,0.35746108375715224,0.25723380341981583,0.25386323109169084,0.8954868749498819,0.5737153328746685,0.2864991395135829,0.11202843596768054,0.29855395782090677,0.2333726764073127,0.3668631256600494,0.3658453501013499,0.430599293188666,0.22943399899624217,0.8422694110444475,0.8283773736053116,0.5001472020464818,0.6818234172306963,0.5377869659425367,0.6302293034297111,0.4863480875502127,0.5740226520133408,0.8729955785834365,0.4401906580247315,0.1783261792476797,0.26610852616431097,0.8366178549454677,0.963044858390852,0.5004639943942567,0.9412387101014824,0.2772393559902259,0.1931655440291727,0.12385958317231496,0.24140515296439,0.9774897844288324,0.24889987055999915,0.7553978455489411,0.8631743635304523,0.2852522566718361,0.4371516144536939,0.4926249525686086,0.8460994954085396,0.3904067601464304,0.26950241858935253,0.3922494687951144
Auburn,NA,NA,NA,NA,0.2008307818030194,0.6492758204339809,0.7272052476677896,0.875165957355031,0.2848484555261849,0.31944824597284294,0.7961640907988353,0.29789288193254515,0.9891436288005584,0.5861047528280349,0.7690808144538884,0.2385239056179888,0.8284646119160675,0.214790415470673,0.9580715400666155,0.4791992127322928,0.6171469211459422,0.652979594308876,0.6732520898884999,0.530385398801982,0.21162331369585105,0.348206665744891,0.9342890900472928,0.6972611010229747,0.3866854839921497,0.1653421248437165,0.4005890317399055,0.32340176113180735,0.6790746775841469,0.4752950689190768,0.5750949592826414,0.31857505374012696,0.893442132501308,0.8535500109181389,0.6110601504841859,0.760980378284747,0.6098117890870097,0.7279769422777758,0.6347520494686636,0.7068965312742064,0.9152033683341207,0.5525041227842112,0.2541599688041993,0.36279001452404513,0.8893833153451239,0.9761440636872132,0.5158687685078251,0.9617604604257076,0.3344078741343671,0.27321154611376797,0.24095109739016937,0.38648727845298464,0.9855456565327854,0.28182636076555256,0.8290335683569865,0.912025444983315,0.38523799783391866,0.5494507312814978,0.5934855813905363,0.8961827794566322,0.5013947824883853,0.366800678400388,0.585607428605759
Baylor,NA,NA,NA,NA,NA,0.7169716902029434,0.7830535146628235,0.915459792720712,0.3190534756763007,0.5390884976889031,0.8170177271710689,0.4238141304212459,0.9917156468079282,0.6893943000203934,0.8108868343008585,0.2643305637035001,0.8796616135624961,0.1250800912968394,0.9732422618995876,0.551115159312403,0.40951994745271464,0.7352460118883845,0.5044325579349349,0.5256781429723675,0.22646755627972415,0.49342336324653474,0.9543002359875288,0.7618144408921973,0.5159314014693196,0.27028472272403486,0.5253971852094586,0.4344849864080459,0.5295412529633435,0.598906240885556,0.6308380941363594,0.4808488314410498,0.9205453890794943,0.9252149215690983,0.671604183771762,0.8171112389571664,0.6647519290984762,0.7954631142764825,0.6759882412170004,0.7527816181480558,0.8592953561631611,0.6478930058641037,0.39519724856778937,0.5231415543773549,0.8816580553039581,0.9783954914476302,0.5624501366985208,0.965321129183513,0.38331602452774366,0.4005992018348354,0.20294524909881867,0.3939868908188437,0.9889605684128,0.3050392898694493,0.8729595548313511,0.9414901447108678,0.4892082567845781,0.5830314676404403,0.6775274454136202,0.9208313297163327,0.6708193520542839,0.4770946407101179,0.5438191839884424
Boise St,NA,NA,NA,NA,NA,NA,0.3914887830699032,0.6332550314896538,0.11820238621961936,0.10175671366841062,0.434353342256876,0.092885631606870675,0.95650083338886,0.25470730942433745,0.4456112301488977,0.13399071518226732,0.5618580302893039,0.03142188371321474,0.8503680848508786,0.21445213848013775,0.12733763729862255,0.3354372259460577,0.16221500286189772,0.18147887517970587,0.08878304353475816,0.1142061681143554,0.7734851278176849,0.34911466203121116,0.13206601194417958,0.04562709939585321,0.13888773238535937,0.1034255029102288,0.18760364611986993,0.17939558636294453,0.23158810330361057,0.10138991674228004,0.6692612761347507,0.6579589351822136,0.2749249820453592,0.5074861904909616,0.5519126487514686,0.39241669743471946,0.2739684953521462,0.3494002820243294,0.7225894998167877,0.22956766987352412,0.07599184774501622,0.12080568343405115,0.6599137388642804,0.9080479167319332,0.25908417606249806,0.8585559744165353,0.22451976748196173,0.08317753022475066,0.05333578771651586,0.11255043638021724,0.942711097911802,0.17231057497754942,0.5392306636746412,0.7225342731276496,0.13136749543624932,0.22739209238981217,0.2865375974187789,0.6756747557519308,0.19529438825375253,0.12265613495061913,0.20459394061905797
Col Charleston,NA,NA,NA,NA,NA,NA,NA,0.5051498401902481,0.04230094505028609,0.11317147902389862,0.29622746162216973,0.08003256023096779,0.9340293817025132,0.2079247297098695,0.4917828991927301,0.03276186513984457,0.407968599261212,0.01329770117564066,0.7742051804759126,0.10373266282726186,0.06136717170481897,0.20747799215851737,0.08755437926518331,0.09459342785750932,0.02685803286189278,0.10330060263576078,0.6631327123707987,0.23166274744696577,0.11194537495263757,0.04196903937806619,0.20976118990816203,0.08329899586094154,0.09592928178868512,0.15009456454585843,0.13874114391123638,0.10782300665118238,0.5781079084907499,0.5383765161515194,0.24923412049776217,0.2963579058854178,0.15748570404655854,0.31505458002834213,0.16435114404239906,0.2230299006023994,0.6508533299225091,0.17872951590406416,0.07173844251025929,0.2739310308500168,0.5935753774137543,0.8359362876128066,0.108081682358451,0.7678109173583084,0.05535218570144226,0.07325455699284382,0.02344013689093652,0.05774805158157921,0.9137582386153736,0.03973358992068979,0.448338603520911,0.6026860320743408,0.10174876726093048,0.2132217757460811,0.16531977243851623,0.5790626892426812,0.4338622352773267,0.1465085231848636,0.10102642203890606
Colgate,NA,NA,NA,NA,NA,NA,NA,NA,0.02549183508187596,0.02581700162929349,0.2043870582471932,0.02339387156813647,0.8372394640686858,0.0740299805746247,0.15827370261226906,0.02015727589620965,0.24080832620103265,0.01411816440078337,0.600109192570127,0.05698528978095844,0.05635568256168755,0.10998686931786276,0.0668564231913279,0.16581500790138431,0.01732367628648166,0.02927842784982921,0.5545920253193247,0.14891676503039258,0.03437242635044595,0.01106039645663635,0.03635929156465389,0.0262768274398505,0.08438395794643934,0.04865336209808329,0.12917737406093344,0.02571610360694977,0.3212869139957996,0.3678183654653663,0.08147397281803874,0.1729338401535664,0.09308662978417528,0.13125874766850787,0.21675301610837225,0.21584163799883915,0.3786300945933957,0.06516401179523451,0.01887605526424174,0.03114285367121092,0.31221162870196556,0.6979004290681459,0.0654033770059489,0.5867722957416046,0.03194252847225907,0.02078242094560582,0.0935566753879742,0.09846425095213632,0.7937931595021895,0.02512470927691545,0.21492942414847135,0.40506195146999224,0.03417028261446602,0.06441619504331678,0.08749243832491298,0.3276694482118133,0.05372381067857551,0.03166935876872061,0.23270082775040013
Connecticut,NA,NA,NA,NA,NA,NA,NA,NA,NA,0.37983663920831273,0.7811333840129564,0.3563400502415521,0.9916586540680216,0.6488419036071105,0.8129350268356571,0.30165312688067203,0.8346432760342329,0.13102458366137446,0.8700714509433177,0.5730908377358523,0.4041237373317162,0.6697008607915392,0.4736633517525579,0.5075081195452008,0.3120505406614202,0.4107503259419806,0.940726522336237,0.7137079911779289,0.45135453992829905,0.2053904323081117,0.46581728477380585,0.3841156957823934,0.5176770832863042,0.5416946177093681,0.5834686875697439,0.3788902789184584,0.9162505541489548,0.8994027855153123,0.6721306704025647,0.7820727725095628,0.6608443149745071,0.7773776572537686,0.6368722523231206,0.713964703569341,0.9336995122255406,0.6170062543797229,0.3077881468083402,0.4262401220579,0.9129758939469388,0.98161463841705,0.6769812687125321,0.9704295225823616,0.3911277003287366,0.3290859375308005,0.20751956063607055,0.3708538435242306,0.9888848343679324,0.3568951211756768,0.8635225186915392,0.913531032035738,0.44984253097627314,0.614085565685442,0.610547653400149,0.918458112927624,0.5674969693340108,0.430478357321024,0.5445240443247189
Creighton,NA,NA,NA,NA,NA,NA,NA,NA,NA,NA,0.7050514971185003,0.29810734164518105,0.9857391858791884,0.5617081952007057,0.7275447769276603,0.16132776437143118,0.7964784535769176,0.07109565594605206,0.9511542041414466,0.3966067198416291,0.2707636316232357,0.5978711402167302,0.35272768939068794,0.3723850533379547,0.1355014412777591,0.35996878981541236,0.9178949750225064,0.6313124891217198,0.380967345810794,0.1761910049365414,0.40808069007015935,0.30730117880505126,0.3760146821868485,0.46299735031658457,0.477767789892358,0.3817237465371834,0.8699581559295597,0.8688246377800395,0.612959545922882,0.7051815809459777,0.514930989730739,0.6918930876146315,0.5276204609193959,0.6198005251637655,0.817890202042256,0.5151450991423955,0.27394291130067927,0.4058979708011051,0.823210675819893,0.9657570073894196,0.4076497783211098,0.9454605869027058,0.2496839945044685,0.27845051556531153,0.11996215629532968,0.25819229321136283,0.9810345609475596,0.1902762514290438,0.7987004995063164,0.8959923322902451,0.35609234678735946,0.4717669360254691,0.5293737845392097,0.8704005190862928,0.5592975158546181,0.3623295964389958,0.3895809792947201
Drake,NA,NA,NA,NA,NA,NA,NA,NA,NA,NA,NA,0.05490496775072732,0.9257906375789038,0.1624046537603762,0.3131999524571309,0.04421330606768183,0.4163111273862453,0.05373047909444552,0.7714008090785303,0.11962659727619118,0.23435864474612236,0.2174553494399545,0.1936451437971691,0.1524622585873123,0.03812963553530197,0.06816268272917737,0.693686512452636,0.3073731074670213,0.07946810830599751,0.0264077581589881,0.08383537257908157,0.06142695740122882,0.3176746532789512,0.1103442175100726,0.17734493449533895,0.06016250544173382,0.53446121094071,0.4848633172968668,0.17703606056149185,0.31980723496062874,0.18752109793117017,0.26816608336107034,0.21679337667164983,0.27752912699376314,0.5964177035202417,0.14460764669863246,0.04457952274301036,0.0723187547109315,0.5240134483713209,0.848546656496928,0.13596411170195136,0.7749656647753179,0.06907181544796513,0.0489522611965437,0.04812728517709288,0.0911882532838824,0.9032501593369348,0.05477754390033797,0.39902333182347466,0.6048943283670425,0.07902246083358565,0.14308768612545433,0.17736159014718925,0.5416986446809542,0.12102593904718992,0.07348858325737133,0.18373059063221575
Duke,NA,NA,NA,NA,NA,NA,NA,NA,NA,NA,NA,NA,0.945083990069734,0.4981699678356544,0.7461848547735087,0.17547101126984024,0.8123681186502849,0.07806476972389242,0.9556403474786208,0.42102170310946346,0.29117003546110687,0.6219059927721002,0.3761252738647378,0.3962882480563848,0.14777950734671597,0.42723151454090263,0.925195510779382,0.6545036216869712,0.4307700182613755,0.22533846016284187,0.40089050891613454,0.29374289566457756,0.4000023714948828,0.5083115271605763,0.5030139395936329,0.32434620313549556,0.870534911893907,0.8799175539733087,0.5932497666214505,0.725744747461984,0.5401099130947694,0.6687676604928109,0.552712856333656,0.6433066496196306,0.900583318747823,0.5352704735852596,0.33349560564096214,0.3807396977105229,0.8737458903641052,0.9710049398564828,0.43225756996949527,0.9536698390296602,0.2690879340641733,0.2942853661910089,0.1310456153373097,0.2780124489360145,0.9304017325429416,0.2063329775809385,0.7444135802944941,0.9050389051345216,0.3807315680371946,0.5372559353073326,0.5544516926576382,0.8681167519305462,0.5268859737825016,0.3612565347301728,0.4138601083117661
F Dickinson,NA,NA,NA,NA,NA,NA,NA,NA,NA,NA,NA,NA,NA,0.03855909875194231,0.01774345133545094,9.900368178296284e-4,0.01976329150522019,3.941536344909996e-4,0.09117364751352884,0.00337486272632044,0.00190922331660522,0.00760139271381503,0.00279962352866467,0.00304746076975258,8.068517862786697e-4,0.00601107539332828,0.05445883804513545,0.0087445251285488,0.00609800432592728,0.00235280955266062,0.00409469811905962,0.01626311381256263,0.00309491637757301,0.00831192253592156,0.00469111167161947,0.00294096421521955,0.0516971995680694,0.03299684548702537,0.00888217492752169,0.01217284201384363,0.00543928078939507,0.03845338245458073,0.00572141320132472,0.0083286168752655,0.05272596537190265,0.0092517269969274,0.04642079227268819,0.00376358390773181,0.040788548185746,0.17065431850513396,0.00353294013486282,0.1122781889812576,0.00171146197328122,0.02160626934993112,7.017827748654629e-4,0.00178994032631196,0.44045203201566874,0.00120916880192536,0.06074649989222291,0.04249563978360807,0.00495983263210235,0.00708332937858031,0.00576157916533291,0.05066349508842345,0.00679631354256584,0.0034631148094761,0.00327724370083792
FL Atlantic,NA,NA,NA,NA,NA,NA,NA,NA,NA,NA,NA,NA,NA,NA,0.49348604391131423,0.05994132743608324,0.5646938099182931,0.0247426298981707,0.8658570349177304,0.1788999516440572,0.10958902466708156,0.33013123767234304,0.15299971665389653,0.16435259908962496,0.04938973404329586,0.2147096658692326,0.7874946721226098,0.3620811608774347,0.2171553243317307,0.09635181220385028,0.1815055385153043,0.2641772704789137,0.16649244117692383,0.27480834078616806,0.232690368986527,0.13725321015630465,0.7113778586858627,0.6870604036918276,0.32585158866636094,0.44223445533904016,0.2602917967128969,0.48700967102924614,0.2702016398677842,0.35080728908732234,0.7501286108600752,0.29686015426565093,0.27640134435504515,0.16926656225093856,0.6963694211042474,0.9173429781437064,0.1857472649132406,0.8721495758271693,0.099347779213233,0.1877571625857932,0.04323188340631663,0.10343942926744704,0.9126221288360868,0.07226472067169386,0.6184793997649121,0.7406352742319517,0.1839133990174728,0.27785551714369916,0.27159136018929975,0.7069875442542419,0.26957563074478647,0.15784653216873265,0.17461475351635034
Furman,NA,NA,NA,NA,NA,NA,NA,NA,NA,NA,NA,NA,NA,NA,NA,0.02639531767606089,0.3554864649221106,0.01067185280832749,0.7329361925583373,0.08478340870585661,0.04972760183019043,0.1732403360372089,0.07132528801376371,0.0771699273934928,0.02161312907166045,0.08639146003085021,0.6117435088594428,0.19441317730776625,0.0937691547009426,0.03471056811858492,0.17490990772263937,0.06941045839206515,0.0782809994824461,0.126607263061991,0.11421168740788518,0.0923388584210876,0.5293599574360718,0.48279913775787814,0.21841384662805535,0.2521192870235646,0.13014298398865562,0.2740781371501888,0.1360088678713735,0.1868308924385931,0.610772285839329,0.15156038162528498,0.05965198197415943,0.21885861464471787,0.5514505274741875,0.8109601106139993,0.08841634807395642,0.7291620083012481,0.04479903263677858,0.06092942842015952,0.01884975976065898,0.04676072656156763,0.89687508879114,0.03205714331654391,0.4001544592378165,0.548355983073519,0.08506954400139952,0.185752963447991,0.13683780954448407,0.5303354325773647,0.4230636078381406,0.12307785322583338,0.08252600820637922
Gonzaga,NA,NA,NA,NA,NA,NA,NA,NA,NA,NA,NA,NA,NA,NA,NA,NA,0.8180649962927902,0.16088231979847065,0.9657002221126694,0.5749139740292575,0.4630525096152764,0.7143343689979768,0.5336510260692023,0.5671633149589419,0.32555434852593085,0.4761658110740648,0.9527879222566606,0.7601885813075314,0.517556799783782,0.2520925807897873,0.5320835805348466,0.4485181061536229,0.5771268633883988,0.6064996143707085,0.6404415759868666,0.44304682253757566,0.9344971961250752,0.9191503517303088,0.7277611309300511,0.813372577222507,0.7766785262828434,0.8199346565280059,0.6904163452972345,0.7604176063047821,0.9483587841407428,0.6775020666222158,0.36701942231107615,0.4920624794173469,0.9318829513663562,0.9858403687546538,0.634017178523162,0.9771662628958514,0.5903906706202269,0.39010598049150946,0.2497979562016251,0.4284192522051163,0.991454115125694,0.36187949159082566,0.8919017765367603,0.8453167869316046,0.5160316076671875,0.674799562117984,0.6655137836740888,0.936257250413038,0.6311378836058044,0.4963889721904821,0.6032011497997494
Grand Canyon,NA,NA,NA,NA,NA,NA,NA,NA,NA,NA,NA,NA,NA,NA,NA,NA,NA,0.01228213209055457,0.7066931245649256,0.10373387850705326,0.05296856711798569,0.17627255130076214,0.06908914573770779,0.07832780582054738,0.0396693365396157,0.04276949399978044,0.5668888412082498,0.17053220829859486,0.05008961314729129,0.01629780344891144,0.05293519088807318,0.03843956960584906,0.08131715999049254,0.07042442089570543,0.10355885423993393,0.03762933375514109,0.4121960491213981,0.4244051964418297,0.11613848602223144,0.35820795947129197,0.3004488424300909,0.18288755242364116,0.12636288255897898,0.1707100442105528,0.4744230231473105,0.0935962783361589,0.02771069283591661,0.04545279339299056,0.4020741127695317,0.7738692094871881,0.1291103484664047,0.6777842359292423,0.1470247530555989,0.03048158240393809,0.02113912531031889,0.0463587604863086,0.8508029624695408,0.1354750826309462,0.28853817769124085,0.5318267004751119,0.04979980384106824,0.0925544796106551,0.145495849468569,0.4192689269575378,0.07757873828760958,0.04620968551902615,0.08974499480770595
Houston,NA,NA,NA,NA,NA,NA,NA,NA,NA,NA,NA,NA,NA,NA,NA,NA,NA,NA,0.987635096377039,0.7628271685598105,0.8217142502709821,0.8680304822490967,0.7992310072781215,0.7634266458326321,0.4840867349579919,0.6955484256299037,0.9759760807493528,0.7840973263271158,0.7294539156851789,0.4586235552844939,0.7407957439268176,0.6714912922850813,0.8528614638656167,0.7948186420109734,0.7945440272172628,0.6665877204906233,0.9728674396109768,0.8859696970547322,0.8704440512879696,0.9175530613518128,0.845275267894866,0.919642716306916,0.8323710179344537,0.8732744096833589,0.978793447932194,0.8407626492486978,0.5930462120332987,0.7088581663128088,0.9717382546969364,0.9943176794582832,0.7883469597427837,0.9907881983310204,0.6371875338574231,0.6165028846999474,0.47561809393489446,0.6428521968200398,0.9965821519958477,0.5783669953490486,0.9539952210052096,0.9731458561315128,0.7282468749111043,0.8391033485495334,0.8361541703381034,0.9736255871615628,0.8113336261513703,0.7124172862637426,0.801501142467291
Howard,NA,NA,NA,NA,NA,NA,NA,NA,NA,NA,NA,NA,NA,NA,NA,NA,NA,NA,NA,0.07677188576993146,0.0116837158414881,0.0787849560446004,0.01544447486993128,0.01764569754595604,0.07214579506108873,0.00889969427052639,0.2166995913194221,0.04164515067234254,0.01048640680869816,0.0033186516029197,0.01110844700084208,0.00797015135564449,0.0183652865953123,0.01499739580586453,0.02383525365715265,0.00779694744636341,0.12352397553871912,0.13483267244706768,0.02572834785135167,0.07804084461521389,0.04393997676409882,0.0430460453562063,0.02966480083720701,0.04169533575972992,0.1535562275862197,0.02033088175091101,0.0056952303401228,0.00947909140663112,0.11905495346990076,0.4075047278257672,0.11585065280494078,0.29713628989721586,0.01492574216441451,0.00627893284932146,0.00454380203975256,0.01017040924557542,0.5340305682040257,0.01292068282843551,0.07536374932628165,0.19948384728006505,0.01042322010035245,0.0200865113334659,0.06723190205015439,0.1267113006826973,0.01662164295435215,0.00964299142076989,0.02041366959617132
Illinois,NA,NA,NA,NA,NA,NA,NA,NA,NA,NA,NA,NA,NA,NA,NA,NA,NA,NA,NA,NA,0.22695282669550643,0.4773440101139547,0.28034919487439125,0.3084765505446755,0.22471650045512823,0.2101258645201268,0.872939683515485,0.5190347051713221,0.23893963034539167,0.08978682057004977,0.2496936270901598,0.1922559321808769,0.3172262826799816,0.31085271598101327,0.37748031713897245,0.18884025592333137,0.8067700632085512,0.794671948548834,0.4389400699059437,0.637959135067993,0.488949190633657,0.5712975296906675,0.4315643281868301,0.5193484188231664,0.8431235487042207,0.3807321072844365,0.14507253007608378,0.2208860095612234,0.8001483568413429,0.9532178413663062,0.43515123525934113,0.926058271795362,0.2397876757243917,0.15767571409184297,0.1018141249734922,0.20329254093139423,0.9713898119793544,0.2141422421988864,0.7071449481361182,0.8383852465439666,0.2378307385991553,0.37782650822186814,0.4252593814388,0.8112690039645858,0.33366470216533556,0.2238790879786612,0.3410279242330988
Indiana,NA,NA,NA,NA,NA,NA,NA,NA,NA,NA,NA,NA,NA,NA,NA,NA,NA,NA,NA,NA,NA,0.5938822475062182,0.37064841889506034,0.43623674101793014,0.1726027081030319,0.32015942411449594,0.9069018621229346,0.5463341685141989,0.3572375834381421,0.1486646546584881,0.370722322501142,0.29644379185854747,0.4907698176949212,0.44398409951897433,0.4811410968885173,0.29184587929009026,0.8808270494304947,0.6520969431846663,0.5807037001891607,0.7121681400146392,0.5484467217177639,0.702300055162615,0.5435188870318987,0.6229803678273644,0.904890286148512,0.5211587783029397,0.23100321565732987,0.3341703561393528,0.8763542197286935,0.97302421116863,0.4529823314537063,0.9568427024133346,0.2808114708084697,0.2488982513187872,0.1786364504684858,0.3014836234404979,0.9836347204032684,0.233698366403774,0.8104113961663257,0.8895837050691877,0.35583637457962886,0.5180780639445971,0.5315254097700516,0.883849973401032,0.46990424058726254,0.3380324703205474,0.4919244534549603
Iona,NA,NA,NA,NA,NA,NA,NA,NA,NA,NA,NA,NA,NA,NA,NA,NA,NA,NA,NA,NA,NA,NA,0.1600113479603838,0.17906946002545188,0.1956239923536593,0.1052323232501677,0.770615703349068,0.3454188426850083,0.12188191095373505,0.04178769982171914,0.12825531775602747,0.09520770904478616,0.1851313069261025,0.16626087153189048,0.22869929235094513,0.09331702858177332,0.6486091455983725,0.6542801686410684,0.2569863336546034,0.487981526023529,0.34100681457799287,0.37073156203297336,0.2707372958415892,0.34570304497240056,0.703793522687063,0.2137162288824412,0.06978416601315707,0.11137847946639376,0.6389927706657204,0.9000800973869477,0.4251145398319202,0.8470220769809088,0.14573591252204535,0.07643141299118124,0.05251851200327526,0.11093212813827737,0.9375403044235004,0.1284497635321369,0.5163269901630018,0.7372379789673592,0.12122973596179304,0.21164960486460985,0.3679976307531752,0.6552167867418531,0.1812527319634424,0.11310310542767311,0.20195335539069773
Iowa,NA,NA,NA,NA,NA,NA,NA,NA,NA,NA,NA,NA,NA,NA,NA,NA,NA,NA,NA,NA,NA,NA,NA,0.3920975248956615,0.13585408284395387,0.2429230472014312,0.8903504249057228,0.4963546143149237,0.27467026022833957,0.1063295434380346,0.28642716566388726,0.22305155222405057,0.4682121342954889,0.35235829473428404,0.4359719802069909,0.21923725179973713,0.8343263238354381,0.7259016743235874,0.48549953677415875,0.6509164058536383,0.4778966735953719,0.6164704509085589,0.4981156567843956,0.5793640260687927,0.8663542979183284,0.4258031214061415,0.16990000748336967,0.254820856954937,0.8284481311160791,0.9609015176964202,0.3842622879786231,0.9379121838289732,0.22735487190010809,0.1841953751846032,0.15346648009472352,0.2645801237331232,0.9761634908274058,0.1868799458813608,0.7444075715644826,0.8585900132875699,0.27345512778938214,0.4227883903220263,0.46093016082100663,0.8383122596921743,0.3765518908049022,0.25812142205552024,0.4466143823364911
Iowa St,NA,NA,NA,NA,NA,NA,NA,NA,NA,NA,NA,NA,NA,NA,NA,NA,NA,NA,NA,NA,NA,NA,NA,NA,0.12071898175305446,0.2276211564091632,0.8202699870929004,0.5206418566192719,0.2580502165861884,0.09851218875805562,0.2693599092791583,0.20865639692982235,0.3638985349280261,0.33319685454770936,0.4112820888443619,0.20502330267854177,0.8222303878547285,0.7831552484823332,0.4642883016272279,0.6195387432143705,0.44424535863553566,0.5961674814889174,0.4514328959209658,0.5655149784262565,0.8561936952257644,0.40514622501361824,0.1582364911661576,0.23900611361128207,0.8160176636688449,0.9575770198030734,0.35274963235021284,0.932769696146443,0.20443757119326464,0.1717535436508101,0.14142889441824713,0.2211364638521773,0.9741017246381816,0.1671598376954144,0.7278877689686143,0.8413289091120427,0.25688257054980523,0.40217530934023976,0.4274953329456512,0.8264468034233997,0.3567996151980651,0.2421684074128725,0.49493471799394384
Kansas,NA,NA,NA,NA,NA,NA,NA,NA,NA,NA,NA,NA,NA,NA,NA,NA,NA,NA,NA,NA,NA,NA,NA,NA,NA,0.5273168787949518,0.9592666331961174,0.7871937984603209,0.5683301828268049,0.29261914314005927,0.5825612212197459,0.49953138373328215,0.6142870246997202,0.6541671955527966,0.6751694673275362,0.49399523244631127,0.9459715210331155,0.9299054173418017,0.7663972279485862,0.8315717404824715,0.7283129735887429,0.8482177346447934,0.7224095429205333,0.7874042455366136,0.9575153238403574,0.7205318657904268,0.41575130578311176,0.5431505769938235,0.9437876749218468,0.9884320880962428,0.7064638509347588,0.9813155632574956,0.4691508875465574,0.439773519399739,0.27982874341308794,0.4665688041145053,0.9930255871997272,0.4329451985478671,0.9101200162974206,0.9356288196180992,0.5668311627122871,0.7180398800115948,0.6012223737987189,0.9474406019339056,0.677408340055412,0.5474421337828113,0.639501261554944
Kansas St,NA,NA,NA,NA,NA,NA,NA,NA,NA,NA,NA,NA,NA,NA,NA,NA,NA,NA,NA,NA,NA,NA,NA,NA,NA,NA,0.907602495422879,0.6007219907195228,0.4184181970927108,0.1981472819849056,0.33568498682312137,0.271371894225382,0.3461793975930517,0.4515166518810912,0.4456247081031744,0.2660617282533536,0.7806076381515662,0.8533635181444157,0.5241284779130769,0.6775900237145235,0.4825981549630758,0.6302443290455303,0.4953044389803352,0.5888768846584272,0.872460973893811,0.43221257300127935,0.2742447075564887,0.3170770974692491,0.8393858681990529,0.961961617406242,0.37682021689776585,0.93955639771192,0.2262382103021701,0.2638110511216932,0.10696101549217284,0.23419693968903244,0.9726007143170892,0.1711365861902638,0.745976895797497,0.8833032624338564,0.25588832373072706,0.46716562332655265,0.4970633741122777,0.7082517489088163,0.45681300166218947,0.2992772649863835,0.35928906924259485
Kennesaw,NA,NA,NA,NA,NA,NA,NA,NA,NA,NA,NA,NA,NA,NA,NA,NA,NA,NA,NA,NA,NA,NA,NA,NA,NA,NA,NA,0.07942282744971177,0.01812432843365609,0.00576626124295939,0.01919065344802577,0.01380088461458433,0.04346703577557848,0.02583517488631881,0.08068529466554596,0.01350269439790415,0.19709509561228916,0.2229287022025287,0.04397458573957581,0.09562023549181944,0.04934073623962471,0.07265787510095052,0.1072542213734798,0.13987530155992642,0.24011432256487297,0.03488636610450286,0.00987826903954158,0.01639547743217402,0.19054297269536669,0.5450360538710444,0.034176909497214,0.4240796806020598,0.0164112232175903,0.01088599621515572,0.03740761601329619,0.04552386609962405,0.6662465331908964,0.01286435614284582,0.12431912180040224,0.25610610854526733,0.01801595673312794,0.03447319994101423,0.0462414791490815,0.20174383677620664,0.02859909523490236,0.01667695305348351,0.1742292594508388
Kent,NA,NA,NA,NA,NA,NA,NA,NA,NA,NA,NA,NA,NA,NA,NA,NA,NA,NA,NA,NA,NA,NA,NA,NA,NA,NA,NA,NA,0.10755358114369024,0.03648396776702774,0.11327438695993867,0.08371622080425023,0.4039955147640229,0.14759227836546387,0.24041324550046303,0.08203305375442035,0.6157818498035699,0.6159694781015908,0.2309525476991829,0.40231320057279546,0.24836026644260775,0.3384232742258164,0.2889628191252078,0.3606080339374372,0.673526679590416,0.19093942919341952,0.06115387431863398,0.09814691356677922,0.6058130812618165,0.8866395525592786,0.18386147132148575,0.8278098754415256,0.09602322879003725,0.06703829298789059,0.06910258690889924,0.1283992679535255,0.9287397171902276,0.07661041890525787,0.48102968860774886,0.6866969971695293,0.10696873575128248,0.1890401024690814,0.23586148265399728,0.6226476507752582,0.161226302365676,0.09968964168159351,0.24838414880889384
Kentucky,NA,NA,NA,NA,NA,NA,NA,NA,NA,NA,NA,NA,NA,NA,NA,NA,NA,NA,NA,NA,NA,NA,NA,NA,NA,NA,NA,NA,NA,0.2030725245472816,0.31590861748692384,0.26852507833906947,0.3096959757504648,0.4592719052104566,0.4051553051641555,0.2488506033318836,0.7776863512454438,0.8313974600910994,0.5016334157068382,0.6403890934889299,0.44144475374989733,0.6268717498904546,0.4540183022418543,0.5482640705720686,0.8620997363028607,0.4840262454291537,0.2713789791725248,0.29790537885804674,0.8268708223301476,0.9585257464138146,0.33878082400451076,0.9342351001695304,0.19855650726384777,0.26101513846846336,0.09213582306832244,0.2058004406902444,0.9722131272022916,0.14889951196077805,0.7432298558485272,0.8651132465586154,0.26358287841817407,0.4448300366180984,0.45576302226743787,0.7367151406954621,0.4345686972287997,0.28073936456676307,0.32210468637697004
Marquette,NA,NA,NA,NA,NA,NA,NA,NA,NA,NA,NA,NA,NA,NA,NA,NA,NA,NA,NA,NA,NA,NA,NA,NA,NA,NA,NA,NA,NA,NA,0.5705969627659494,0.48850049214582447,0.5881197315271504,0.7043523524243546,0.6843226754093492,0.4880457402891862,0.8557981443722671,0.9400996053842828,0.7433510793498819,0.8500243688787086,0.7155386501923483,0.8138059080135959,0.7257749645622796,0.7943581141972237,0.9473382063687528,0.6124028656051973,0.4921194118669961,0.5497432590778991,0.9321716140883806,0.985185875761482,0.619872448929295,0.9761205430971054,0.4408774193493103,0.47886596263609665,0.2441441085696352,0.45197626741233454,0.9891332761638356,0.35766351050434536,0.882770999861585,0.9532990316799892,0.4964176383029383,0.6974836277182251,0.7271731136675831,0.882210423467095,0.6886232906914821,0.5289995672629695,0.6019561944358685
Maryland,NA,NA,NA,NA,NA,NA,NA,NA,NA,NA,NA,NA,NA,NA,NA,NA,NA,NA,NA,NA,NA,NA,NA,NA,NA,NA,NA,NA,NA,NA,NA,0.24681764511907772,0.29738200361991546,0.38908208122176474,0.3911967052666916,0.28266116922465756,0.8316964381138657,0.8230731998036243,0.5197828977604677,0.6268667742595094,0.4271336541461759,0.6238903758527482,0.4396204070880689,0.533799489298557,0.8587160129138519,0.43972168658917704,0.2179591186665051,0.38155571683002176,0.8264451426658371,0.9207913557734446,0.32585629764060914,0.8865306041834341,0.18944882440226396,0.2218269792038533,0.08737739975918304,0.19644192647767936,0.9744963396378756,0.14166694527007911,0.7456038242787509,0.8581696333186004,0.29002640507200056,0.4691045355586359,0.4413545243812632,0.832243858029975,0.6051973979947228,0.3535214285749018,0.3095185511560292
Memphis,NA,NA,NA,NA,NA,NA,NA,NA,NA,NA,NA,NA,NA,NA,NA,NA,NA,NA,NA,NA,NA,NA,NA,NA,NA,NA,NA,NA,NA,NA,NA,NA,0.37177139544844945,0.5163190049926241,0.47324711096172073,0.3148742179426677,0.8741043805690503,0.8667449619927132,0.5826973831385264,0.7013991423972449,0.5104023452453719,0.6943700271125749,0.5231005663380317,0.6155199151880406,0.8966146506577403,0.5432334304222894,0.479505753017388,0.3705239716632933,0.8688618869640374,0.9697530536430724,0.4032802202603613,0.9517067200043674,0.24630360291127157,0.3571703380318828,0.11806168048412928,0.2547358184195668,0.962037912659136,0.18749917220656703,0.7957494384776588,0.8942909721970261,0.388316512541012,0.5264105465094889,0.5248555585053138,0.8717430687529439,0.5160164857846286,0.35126703919425123,0.3852791261988432
Miami FL,NA,NA,NA,NA,NA,NA,NA,NA,NA,NA,NA,NA,NA,NA,NA,NA,NA,NA,NA,NA,NA,NA,NA,NA,NA,NA,NA,NA,NA,NA,NA,NA,NA,0.3297621134725972,0.3753534506002372,0.2025085609280374,0.8199534962648688,0.5945760219397066,0.4604353338210882,0.609899028383249,0.4342202524648475,0.592430385793578,0.4355285869480003,0.5170861717366545,0.854274712418433,0.4014162937817115,0.15618287574967657,0.23619839413593585,0.8136792304805439,0.9569428832359672,0.34351304903755364,0.9317911546132908,0.19789709322644872,0.1695598388403914,0.12352555144190457,0.21855802440836572,0.9737078163612132,0.16156976369888362,0.7248069511401803,0.8358194862551205,0.2539349234544044,0.3984544085546159,0.4175642156421934,0.824212370347279,0.35325046285621264,0.23933522243926045,0.3855275516441469
Michigan St,NA,NA,NA,NA,NA,NA,NA,NA,NA,NA,NA,NA,NA,NA,NA,NA,NA,NA,NA,NA,NA,NA,NA,NA,NA,NA,NA,NA,NA,NA,NA,NA,NA,NA,0.3216071330659795,0.19124905318475385,0.7049634172195737,0.7743777914181459,0.4180875915033688,0.553466637404972,0.3548777167256423,0.5515314772513596,0.3666039226392004,0.4579230788706108,0.8169289216744852,0.3401160959423528,0.2142328816030896,0.232463122181774,0.7731962538009436,0.9428463955553666,0.26287129563410705,0.9102326742110292,0.1470777923490558,0.20543609729731985,0.06597687358513084,0.15280170319098302,0.9624226410699444,0.1085513499701276,0.6793670821255882,0.8169859384575071,0.2659036462162385,0.36383796160228105,0.3682392852459355,0.7232983724299278,0.3542527730778065,0.21789772101993943,0.24852729164000287
Mississippi St,NA,NA,NA,NA,NA,NA,NA,NA,NA,NA,NA,NA,NA,NA,NA,NA,NA,NA,NA,NA,NA,NA,NA,NA,NA,NA,NA,NA,NA,NA,NA,NA,NA,NA,NA,0.14329354203773403,0.7499829437158229,0.7508538529130132,0.35983016498788406,0.5450268059536219,0.3702966725322486,0.4891293362850499,0.503420042062694,0.6540882210449336,0.7942960792797332,0.3063841694731879,0.1086680277679339,0.16922256870504945,0.7420374579242246,0.9360582409826536,0.28618833379849007,0.8999818854775627,0.15898748115467742,0.11854711135520692,0.18786534478221975,0.260135814933894,0.960620287995244,0.12865700709627517,0.6343493286708269,0.7959473212742394,0.18313564661726575,0.303767642562511,0.3545560505060254,0.7554031951629546,0.26458101116279065,0.17166984079769212,0.5551135162796776
Missouri,NA,NA,NA,NA,NA,NA,NA,NA,NA,NA,NA,NA,NA,NA,NA,NA,NA,NA,NA,NA,NA,NA,NA,NA,NA,NA,NA,NA,NA,NA,NA,NA,NA,NA,NA,NA,0.8732285611279214,0.869282046363021,0.5410199794253804,0.7060165316029033,0.5159348881107891,0.6980875244912464,0.5286221380360103,0.620747236625214,0.8657789241612309,0.5224403292884665,0.2797934908640277,0.4190868162765135,0.8278219795869484,0.9675119778372584,0.4086207135534229,0.9481999660207968,0.2504377584256242,0.2843596602038183,0.12038714048593384,0.2589628775544403,0.9815706969835912,0.19089630000629265,0.8033578859146987,0.8963663069785912,0.36282065855935863,0.5475491464212725,0.5303750529869797,0.8736614149563652,0.5726662041646688,0.3749963417009364,0.3905372522015889
Montana St,NA,NA,NA,NA,NA,NA,NA,NA,NA,NA,NA,NA,NA,NA,NA,NA,NA,NA,NA,NA,NA,NA,NA,NA,NA,NA,NA,NA,NA,NA,NA,NA,NA,NA,NA,NA,NA,0.2704983299824506,0.08474937904170324,0.11809382095953512,0.05609598461383536,0.1590134308210971,0.05885017499752211,0.0836313473258031,0.36512394329679504,0.13005821755927027,0.04023140712076649,0.03756746942125447,0.30524962533118927,0.6801128334448545,0.0370978921611489,0.5665057414855482,0.0182889434489194,0.03823180025729305,0.00757355330064176,0.01911302135423067,0.7974778084480009,0.01298464442008546,0.245717818589716,0.3253626813091051,0.06367142538489685,0.06864992192388893,0.05924109728804722,0.37377722201625313,0.06603414233035951,0.03466213509177595,0.03449703281474102
N Kentucky,NA,NA,NA,NA,NA,NA,NA,NA,NA,NA,NA,NA,NA,NA,NA,NA,NA,NA,NA,NA,NA,NA,NA,NA,NA,NA,NA,NA,NA,NA,NA,NA,NA,NA,NA,NA,NA,NA,0.07204481356791695,0.15802716814175216,0.08436064624838158,0.11680055129604176,0.10890631048015977,0.14501323401413443,0.3478336493071124,0.05750426736421066,0.01656086974120816,0.02736508523219885,0.28434530530875146,0.6690986672132777,0.05910331617169121,0.5541442513426407,0.02876641790156174,0.01823776228766909,0.02183654564897907,0.0424227486768725,0.7711356266680575,0.02261067457041435,0.19330562610555477,0.3793230689940216,0.03003665866196485,0.05683900862958396,0.079245035228283,0.2990232744738099,0.04734071302093125,0.02782955742489576,0.09039810478010402
NC State,NA,NA,NA,NA,NA,NA,NA,NA,NA,NA,NA,NA,NA,NA,NA,NA,NA,NA,NA,NA,NA,NA,NA,NA,NA,NA,NA,NA,NA,NA,NA,NA,NA,NA,NA,NA,NA,NA,NA,0.41678543736493023,0.24079286332433783,0.4321515606074344,0.25021145198771894,0.32753004356046234,0.7454101266759262,0.26474235634241045,0.11336992396411703,0.2080045746344976,0.7484902401603537,0.9155514441491364,0.17054510507093537,0.869517834410513,0.09043149984165234,0.11565625208855616,0.03913307618717814,0.09419433721766891,0.94603411632101,0.06560205076123458,0.5734960413522718,0.7201867098591244,0.15783470183294615,0.32125862447539255,0.25153379376452967,0.6947544415185873,0.3278920024647984,0.17926817355806443,0.1601445183582638
Nevada,NA,NA,NA,NA,NA,NA,NA,NA,NA,NA,NA,NA,NA,NA,NA,NA,NA,NA,NA,NA,NA,NA,NA,NA,NA,NA,NA,NA,NA,NA,NA,NA,NA,NA,NA,NA,NA,NA,NA,NA,0.3553185020912528,0.26804332095900896,0.17993547718303632,0.237962841922,0.5962671049625335,0.14453027679557975,0.04455288372452662,0.07227679374181413,0.5238574013003372,0.8484662370123885,0.17253950861670575,0.7748565413611989,0.1947662296456271,0.04892314299673231,0.03172100106110824,0.06867937608040549,0.9031954728701418,0.11323776367596586,0.3988733148330172,0.5933991628381269,0.07897694136286303,0.1430109934900026,0.19321384084718535,0.5415433229571844,0.12095940199677346,0.07344599726597711,0.1301050879311335
Northwestern,NA,NA,NA,NA,NA,NA,NA,NA,NA,NA,NA,NA,NA,NA,NA,NA,NA,NA,NA,NA,NA,NA,NA,NA,NA,NA,NA,NA,NA,NA,NA,NA,NA,NA,NA,NA,NA,NA,NA,NA,NA,0.4520927294641796,0.30890491168572115,0.38880455197851554,0.7689317678366222,0.27571690139728317,0.09507822224784894,0.14932864215904343,0.7125612537985541,0.9265576693138858,0.2774777348530336,0.8857751318042928,0.16786392819642904,0.10386581390143784,0.06256153189732087,0.13060570249599793,0.9545921512041874,0.13547806812241414,0.5992142284835644,0.6532484557825399,0.1619248857467816,0.27325909497363376,0.30607504222171483,0.7268921295213759,0.2366702768833667,0.15154069061289968,0.2335292593972694
Oral Roberts,NA,NA,NA,NA,NA,NA,NA,NA,NA,NA,NA,NA,NA,NA,NA,NA,NA,NA,NA,NA,NA,NA,NA,NA,NA,NA,NA,NA,NA,NA,NA,NA,NA,NA,NA,NA,NA,NA,NA,NA,NA,NA,0.16381711381765077,0.2223559380252388,0.6314427696126249,0.20626764310273632,0.21729374646655977,0.10417048999560503,0.5668919559029751,0.8636443633340887,0.10770692389422942,0.7956317429737699,0.0551489547015623,0.17703004800032027,0.0233511777857781,0.05753655971057313,0.8853404276686315,0.03958530109198591,0.5715377192163031,0.6017533468592742,0.12181726386715166,0.18004967076354067,0.1647832154651949,0.5976110106565301,0.17398214166534265,0.09663147697131258,0.10067336550007888
Penn St,NA,NA,NA,NA,NA,NA,NA,NA,NA,NA,NA,NA,NA,NA,NA,NA,NA,NA,NA,NA,NA,NA,NA,NA,NA,NA,NA,NA,NA,NA,NA,NA,NA,NA,NA,NA,NA,NA,NA,NA,NA,NA,NA,0.42474744571000195,0.7597731987087292,0.26567841936050923,0.0907921191865644,0.1429833629882544,0.7020341963351332,0.9230212677405376,0.24254914685024645,0.8805281767987779,0.13117991055237918,0.0992270063977345,0.14688873519446294,0.23030777721550405,0.9523362262460436,0.10548896069876372,0.5869423469040641,0.7570124639075484,0.15514198136209026,0.2632775703313739,0.3049455025203681,0.716681237877829,0.22760667974606483,0.14511745165503928,0.4018014794980403
Pittsburgh,NA,NA,NA,NA,NA,NA,NA,NA,NA,NA,NA,NA,NA,NA,NA,NA,NA,NA,NA,NA,NA,NA,NA,NA,NA,NA,NA,NA,NA,NA,NA,NA,NA,NA,NA,NA,NA,NA,NA,NA,NA,NA,NA,NA,0.6842406413003302,0.19864772107526163,0.06403738479486391,0.10258411815082728,0.6174871887329497,0.891486517276968,0.1836729694036953,0.8347032819345628,0.0959141985876208,0.07017852383275602,0.11696580361657638,0.15974236737340955,0.9319248089060684,0.07652156521699932,0.4933084510513743,0.6864265606847121,0.11175535097640318,0.1966903586504356,0.23563506064108955,0.6341242965989621,0.16798412148834568,0.1041885351188198,0.4067197972685685
Princeton,NA,NA,NA,NA,NA,NA,NA,NA,NA,NA,NA,NA,NA,NA,NA,NA,NA,NA,NA,NA,NA,NA,NA,NA,NA,NA,NA,NA,NA,NA,NA,NA,NA,NA,NA,NA,NA,NA,NA,NA,NA,NA,NA,NA,NA,0.05479668025049707,0.02017206420344773,0.04468134285732473,0.3505951165658802,0.6587863879730274,0.02906037552550707,0.5426979781996815,0.01426614089980023,0.02062259036767194,0.00589353888666229,0.01491170942739242,0.7383905195498669,0.01011654268128029,0.17796776095234154,0.2725482829419378,0.02929133636088636,0.1152835506254058,0.04663846852874886,0.26818225701295595,0.07993517539387143,0.03744179518307121,0.02700720573709908
Providence,NA,NA,NA,NA,NA,NA,NA,NA,NA,NA,NA,NA,NA,NA,NA,NA,NA,NA,NA,NA,NA,NA,NA,NA,NA,NA,NA,NA,NA,NA,NA,NA,NA,NA,NA,NA,NA,NA,NA,NA,NA,NA,NA,NA,NA,NA,0.19660272852873237,0.1972873417310571,0.7344984450404596,0.930492560467153,0.20737987784431436,0.8916395285856855,0.11230592739382075,0.1883563374760077,0.04927112355390011,0.11686201354865627,0.9583129770950236,0.08201203062643295,0.6553855108769389,0.7660903286369113,0.24471130636596264,0.31699301838818256,0.29954371776692695,0.7441971839895858,0.30804435747833364,0.18439644395682148,0.19526175714593735
Purdue,NA,NA,NA,NA,NA,NA,NA,NA,NA,NA,NA,NA,NA,NA,NA,NA,NA,NA,NA,NA,NA,NA,NA,NA,NA,NA,NA,NA,NA,NA,NA,NA,NA,NA,NA,NA,NA,NA,NA,NA,NA,NA,NA,NA,NA,NA,NA,0.4090176816161928,0.8862378023069393,0.9741583953896956,0.4866404423884742,0.958628303163198,0.31430702306344427,0.32634413239413,0.15808450658989118,0.32406632717445755,0.9210841040903244,0.24453454133297792,0.6716885423506914,0.9222778258552216,0.3848824578783891,0.5665238780141522,0.6077512027483908,0.8701152353820442,0.5562680913418008,0.3889964567137651,0.4678356746027123
San Diego St,NA,NA,NA,NA,NA,NA,NA,NA,NA,NA,NA,NA,NA,NA,NA,NA,NA,NA,NA,NA,NA,NA,NA,NA,NA,NA,NA,NA,NA,NA,NA,NA,NA,NA,NA,NA,NA,NA,NA,NA,NA,NA,NA,NA,NA,NA,NA,NA,0.827738506562623,0.8852397948782651,0.3619932788823693,0.8420121011441432,0.2152893854941565,0.2367831524536678,0.10103091164289069,0.2229739433499019,0.9765178511651827,0.1622950862091607,0.761324599580677,0.8765798798918368,0.30776221453346675,0.4713574786353277,0.4811581880555405,0.8437327154031581,0.6478403116924225,0.29209321968467894,0.3447703068497227
UC Santa Barbara,NA,NA,NA,NA,NA,NA,NA,NA,NA,NA,NA,NA,NA,NA,NA,NA,NA,NA,NA,NA,NA,NA,NA,NA,NA,NA,NA,NA,NA,NA,NA,NA,NA,NA,NA,NA,NA,NA,NA,NA,NA,NA,NA,NA,NA,NA,NA,NA,NA,0.7113433125252093,0.03862534177622484,0.6023425625582127,0.01905729018358583,0.02682315833117363,0.00789535042598394,0.01991528654560325,0.7869855326579716,0.01353322131780083,0.22081084509872095,0.3346342489209302,0.03799720303397216,0.11250690718298714,0.06162191387871429,0.3241784579781667,0.09982220549773184,0.04730042002330598,0.0359213908754134
SE Missouri St,NA,NA,NA,NA,NA,NA,NA,NA,NA,NA,NA,NA,NA,NA,NA,NA,NA,NA,NA,NA,NA,NA,NA,NA,NA,NA,NA,NA,NA,NA,NA,NA,NA,NA,NA,NA,NA,NA,NA,NA,NA,NA,NA,NA,NA,NA,NA,NA,NA,NA,0.00783277105774799,0.3791306451647936,0.00380288918254867,0.0056636143887682,0.00156129950136393,0.00397688698789759,0.4329406478673548,0.0026884407034371,0.05532267713419769,0.08993584956455067,0.0080963075820423,0.02114303045202623,0.01273914069573036,0.09018747529389272,0.0956905816375922,0.03105295159168239,0.0072681443591921
St Mary's CA,NA,NA,NA,NA,NA,NA,NA,NA,NA,NA,NA,NA,NA,NA,NA,NA,NA,NA,NA,NA,NA,NA,NA,NA,NA,NA,NA,NA,NA,NA,NA,NA,NA,NA,NA,NA,NA,NA,NA,NA,NA,NA,NA,NA,NA,NA,NA,NA,NA,NA,NA,0.922850733817774,0.1975932986261999,0.151670464163962,0.08915666688647106,0.1805554016671055,0.9700852000686464,0.17541926836822003,0.697542670731024,0.8019777524802651,0.2296048424713066,0.3670906786429835,0.4264314990489955,0.804135169346936,0.3235311961062529,0.21599898585587968,0.3088578469571509
TAM C. Christi,NA,NA,NA,NA,NA,NA,NA,NA,NA,NA,NA,NA,NA,NA,NA,NA,NA,NA,NA,NA,NA,NA,NA,NA,NA,NA,NA,NA,NA,NA,NA,NA,NA,NA,NA,NA,NA,NA,NA,NA,NA,NA,NA,NA,NA,NA,NA,NA,NA,NA,NA,NA,0.00617223855599008,0.00918158378359736,0.00253760798133513,0.00645394150398434,0.5539932445416623,0.00436648831248628,0.08698800446921774,0.13850811320395562,0.01310543485481112,0.0339478108468581,0.02056121151694894,0.138874898364261,0.13480209958078818,0.04510444957217817,0.01177097342631325
TCU,NA,NA,NA,NA,NA,NA,NA,NA,NA,NA,NA,NA,NA,NA,NA,NA,NA,NA,NA,NA,NA,NA,NA,NA,NA,NA,NA,NA,NA,NA,NA,NA,NA,NA,NA,NA,NA,NA,NA,NA,NA,NA,NA,NA,NA,NA,NA,NA,NA,NA,NA,NA,NA,0.2699354172613279,0.1719081500506284,0.31847757401961707,0.985307828311212,0.264831006858273,0.8266734275711721,0.8223779597530224,0.3813233428420024,0.5453476621948331,0.5722654017618772,0.8946317972618121,0.49725451274673943,0.36296276124586274,0.4865901256037777
Tennessee,NA,NA,NA,NA,NA,NA,NA,NA,NA,NA,NA,NA,NA,NA,NA,NA,NA,NA,NA,NA,NA,NA,NA,NA,NA,NA,NA,NA,NA,NA,NA,NA,NA,NA,NA,NA,NA,NA,NA,NA,NA,NA,NA,NA,NA,NA,NA,NA,NA,NA,NA,NA,NA,NA,0.14545428978654745,0.3029467077046346,0.93277285455302394,0.2268584837743566,0.8124850468632433,0.9149435873648808,0.3975189019499131,0.5609785021049118,0.5841203325849541,0.875995121055203,0.550695568782867,0.38365081985373306,0.4434940625240848
Texas,NA,NA,NA,NA,NA,NA,NA,NA,NA,NA,NA,NA,NA,NA,NA,NA,NA,NA,NA,NA,NA,NA,NA,NA,NA,NA,NA,NA,NA,NA,NA,NA,NA,NA,NA,NA,NA,NA,NA,NA,NA,NA,NA,NA,NA,NA,NA,NA,NA,NA,NA,NA,NA,NA,NA,0.5653046028701022,0.9939289220085328,0.4412934467820807,0.9209061079689828,0.9542671228349808,0.6007413757965944,0.7454291087570825,0.7460962659784769,0.9539745085230424,0.7071346514715994,0.5817502158071778,0.7725775811067307
Texas A&M,NA,NA,NA,NA,NA,NA,NA,NA,NA,NA,NA,NA,NA,NA,NA,NA,NA,NA,NA,NA,NA,NA,NA,NA,NA,NA,NA,NA,NA,NA,NA,NA,NA,NA,NA,NA,NA,NA,NA,NA,NA,NA,NA,NA,NA,NA,NA,NA,NA,NA,NA,NA,NA,NA,NA,NA,0.9846432814660344,0.25974372372134436,0.8201433908688793,0.902625162023546,0.37078560760891033,0.5341909397148382,0.5662365981326557,0.8903223898777299,0.4860298877308721,0.3526432049614313,0.6495719985365316
TX Southern,NA,NA,NA,NA,NA,NA,NA,NA,NA,NA,NA,NA,NA,NA,NA,NA,NA,NA,NA,NA,NA,NA,NA,NA,NA,NA,NA,NA,NA,NA,NA,NA,NA,NA,NA,NA,NA,NA,NA,NA,NA,NA,NA,NA,NA,NA,NA,NA,NA,NA,NA,NA,NA,NA,NA,NA,NA,0.0016151269891995,0.07628606584829396,0.05598586647347312,0.0066166714760219,0.00944279350237334,0.00768417426175592,0.06656634576071749,0.00906104486689948,0.00462229560470922,0.00437448244744363
UCLA,NA,NA,NA,NA,NA,NA,NA,NA,NA,NA,NA,NA,NA,NA,NA,NA,NA,NA,NA,NA,NA,NA,NA,NA,NA,NA,NA,NA,NA,NA,NA,NA,NA,NA,NA,NA,NA,NA,NA,NA,NA,NA,NA,NA,NA,NA,NA,NA,NA,NA,NA,NA,NA,NA,NA,NA,NA,NA,0.871036000565525,0.8494996111726889,0.466048007572102,0.6294383939438043,0.607637272421561,0.9232161551573884,0.5834459874509704,0.4465524645874735,0.5482127955985521
Louisiana,NA,NA,NA,NA,NA,NA,NA,NA,NA,NA,NA,NA,NA,NA,NA,NA,NA,NA,NA,NA,NA,NA,NA,NA,NA,NA,NA,NA,NA,NA,NA,NA,NA,NA,NA,NA,NA,NA,NA,NA,NA,NA,NA,NA,NA,NA,NA,NA,NA,NA,NA,NA,NA,NA,NA,NA,NA,NA,NA,0.4547157348668115,0.07451366122385043,0.11054182021338932,0.0981924841839105,0.46294718314244193,0.10651237502310876,0.05708506122839691,0.05818529439816349
UNC Asheville,NA,NA,NA,NA,NA,NA,NA,NA,NA,NA,NA,NA,NA,NA,NA,NA,NA,NA,NA,NA,NA,NA,NA,NA,NA,NA,NA,NA,NA,NA,NA,NA,NA,NA,NA,NA,NA,NA,NA,NA,NA,NA,NA,NA,NA,NA,NA,NA,NA,NA,NA,NA,NA,NA,NA,NA,NA,NA,NA,NA,0.02325510835607228,0.04428240175566898,0.07522921652642411,0.24697445006827717,0.03680055214425597,0.02153525359739677,0.04391510974029915
USC,NA,NA,NA,NA,NA,NA,NA,NA,NA,NA,NA,NA,NA,NA,NA,NA,NA,NA,NA,NA,NA,NA,NA,NA,NA,NA,NA,NA,NA,NA,NA,NA,NA,NA,NA,NA,NA,NA,NA,NA,NA,NA,NA,NA,NA,NA,NA,NA,NA,NA,NA,NA,NA,NA,NA,NA,NA,NA,NA,NA,NA,0.4713660704797261,0.4572783907800564,0.8644787408593838,0.4610008998002584,0.30282608902903546,0.3234397610986997
Utah St,NA,NA,NA,NA,NA,NA,NA,NA,NA,NA,NA,NA,NA,NA,NA,NA,NA,NA,NA,NA,NA,NA,NA,NA,NA,NA,NA,NA,NA,NA,NA,NA,NA,NA,NA,NA,NA,NA,NA,NA,NA,NA,NA,NA,NA,NA,NA,NA,NA,NA,NA,NA,NA,NA,NA,NA,NA,NA,NA,NA,NA,NA,0.3021396505183484,0.7408819637951517,0.37406374324854286,0.2110844271184907,0.197208392985802
VCU,NA,NA,NA,NA,NA,NA,NA,NA,NA,NA,NA,NA,NA,NA,NA,NA,NA,NA,NA,NA,NA,NA,NA,NA,NA,NA,NA,NA,NA,NA,NA,NA,NA,NA,NA,NA,NA,NA,NA,NA,NA,NA,NA,NA,NA,NA,NA,NA,NA,NA,NA,NA,NA,NA,NA,NA,NA,NA,NA,NA,NA,NA,NA,0.7152503758137192,0.2263720813384481,0.14424673513797762,0.24594423211674332
Vermont,NA,NA,NA,NA,NA,NA,NA,NA,NA,NA,NA,NA,NA,NA,NA,NA,NA,NA,NA,NA,NA,NA,NA,NA,NA,NA,NA,NA,NA,NA,NA,NA,NA,NA,NA,NA,NA,NA,NA,NA,NA,NA,NA,NA,NA,NA,NA,NA,NA,NA,NA,NA,NA,NA,NA,NA,NA,NA,NA,NA,NA,NA,NA,NA,0.06579304726338388,0.03453134640588776,0.03354019899860499
Virginia,NA,NA,NA,NA,NA,NA,NA,NA,NA,NA,NA,NA,NA,NA,NA,NA,NA,NA,NA,NA,NA,NA,NA,NA,NA,NA,NA,NA,NA,NA,NA,NA,NA,NA,NA,NA,NA,NA,NA,NA,NA,NA,NA,NA,NA,NA,NA,NA,NA,NA,NA,NA,NA,NA,NA,NA,NA,NA,NA,NA,NA,NA,NA,NA,NA,0.14145741825469874,0.2295309455892969
West Virginia,NA,NA,NA,NA,NA,NA,NA,NA,NA,NA,NA,NA,NA,NA,NA,NA,NA,NA,NA,NA,NA,NA,NA,NA,NA,NA,NA,NA,NA,NA,NA,NA,NA,NA,NA,NA,NA,NA,NA,NA,NA,NA,NA,NA,NA,NA,NA,NA,NA,NA,NA,NA,NA,NA,NA,NA,NA,NA,NA,NA,NA,NA,NA,NA,NA,NA,0.3408708516391972
