Name_A,Arizona,Baylor,Chattanooga,Cleveland St,Colorado,Connecticut,Creighton,CS Sacramento,Drake,Duke,East Carolina,FL Gulf Coast,Florida St,Gardner Webb,Georgia,Gonzaga,Hawaii,Holy Cross,Illinois,Indiana,Iona,Iowa,Iowa St,James Madison,Louisville,LSU,Marquette,Maryland,Miami FL,Michigan,Mississippi,Mississippi St,Monmouth NJ,MTSU,NC State,Norfolk St,North Carolina,Notre Dame,Ohio St,Oklahoma,Oklahoma St,Portland,Princeton,Purdue,S Dakota St,Sacred Heart,SE Louisiana,South Carolina,South Florida,Southern Univ,Southern Utah,St John's,St Louis,Stanford,Tennessee,Tennessee Tech,Texas,Toledo,UCLA,UNLV,USC,Utah,Vermont,Villanova,Virginia Tech,Washington St,West Virginia
Alabama,0.3195745081857687,0.33701319911891947,0.940377224319926,0.7392051551365115,0.3276463321626613,0.10347336358176536,0.31849116228447566,0.8322118598512255,0.5893085204089052,0.262584207504499,0.7412418809811941,0.5731662633929385,0.34905163063865347,0.9034443163558864,0.3419890007726212,0.4803219154859394,0.8798036651935845,0.9345211383894017,0.6223968843803775,0.0858578849664565,0.9284397615876884,0.09002154831106746,0.17183684371209915,0.8692509356734573,0.19746843380848103,0.13523959438699787,0.4575236710007805,0.18301116958300537,0.3918088635119357,0.3080227955203999,0.3228454887351405,0.4238219821924558,0.949997358317661,0.5300043106501543,0.21022065206786372,0.9267888341780482,0.25652493981181423,0.16992566440750911,0.27721909094395286,0.3320849235783056,0.4036641910070444,0.6799156997445642,0.4993059480117451,0.5419731664550497,0.4312670337145878,0.9802364059371892,0.921584016447336,0.01899075271691896,0.5277229161886529,0.9522595694647712,0.8668177913720696,0.7315303697025222,0.7868917983803596,0.06180000106454878,0.1470056432622095,0.9149984931839809,0.11949237637450122,0.6597245884344136,0.26581257544803555,0.6215238529004314,0.4027593420246212,0.20143924279173023,0.9514341457346988,0.3555979205751771,0.12200481035087953,0.3725429701397652,0.4394351705742354
Arizona,NA,0.5415500255293216,0.9710826923583658,0.8578527908629231,0.5092184938112446,0.1643824777335018,0.4547520818751651,0.9134979336146772,0.7534012536440511,0.4312256684592198,0.8591394859401572,0.7408726584496435,0.5330809526748798,0.9522033234972284,0.52529957658094,0.6630631837230481,0.9397040542129588,0.9700862226779382,0.7685118842958465,0.16664905238239985,0.9650645793532668,0.17398498114431638,0.3064142653511655,0.920680192267954,0.3437866801403483,0.2498004899393978,0.6423117655958398,0.3166962449113434,0.5783522354608612,0.4865903801279224,0.5037504911976819,0.6492220795068792,0.9758755976463058,0.705969699570424,0.361728913467746,0.9642260461926384,0.3611489016010163,0.31118390011770264,0.4142453392126397,0.5142355447753757,0.5903729277588188,0.818929612014669,0.679821512185019,0.7071180910641751,0.6175221800073791,0.9906193387711038,0.9615724049872078,0.03958550854834846,0.704065529545603,0.9769953807671116,0.9486753548218786,0.8102157492664903,0.8871564101753472,0.12299900225963332,0.2684395553160941,0.958192835040847,0.22417184269998772,0.80499251088888,0.4353034804349608,0.7776024945073502,0.5894632554376689,0.34941869735547243,0.9644242738371002,0.5402143628639087,0.2283145447543348,0.5583344103983545,0.6688720565148413
Baylor,NA,NA,0.9660191676121606,0.8363045348445166,0.46761885665903136,0.18503792179818537,0.45721218848002976,0.899395740860346,0.7211656906749044,0.3909224323522921,0.8377493902637793,0.7076348931453156,0.49148410627035727,0.9440245099571954,0.48368093276481255,0.6248980345390516,0.929544662375704,0.9625813914496032,0.7481703624168856,0.14477930533596425,0.9589917623943164,0.1513273406474519,0.27219367347905404,0.9289707102428754,0.30724118798168115,0.219897997550797,0.603202714401538,0.2876275168541304,0.5372877769386516,0.4451625696933106,0.4621768893123708,0.5700463968170093,0.9716268064450084,0.6702476221558612,0.3242184651545538,0.9580138087249128,0.4043249666658853,0.26952958392862364,0.4300456204577157,0.472620741316478,0.5495674041351172,0.792905367678763,0.6425312252655733,0.6995007706922458,0.5774856189542867,0.9889377811298622,0.9549208996893772,0.03371597297370778,0.6682208333263943,0.97293833690169,0.9214529728036068,0.8427765642854077,0.8693739094956383,0.10612804955512356,0.23701076758468043,0.9509861713178378,0.19653352978650887,0.7775093763878462,0.3948837248190732,0.7474701380467259,0.5486363948424696,0.3125596711844613,0.9747088126123028,0.4986553501911518,0.20029733828887905,0.5169487057057702,0.585571761838572
Chattanooga,NA,NA,NA,0.15233518654299744,0.02997107396556804,0.00582388713272919,0.02877760646435347,0.2392385771249661,0.08339136099383747,0.02207853415329052,0.15370794489417466,0.07845964316874679,0.03288012972570593,0.37234989782839223,0.03190132339209291,0.0553573916790725,0.3169830858583595,0.475036629398919,0.09461800420630966,0.00591967731465672,0.4513351621360807,0.00623318402235099,0.01578698025436075,0.2568612958967717,0.01536111111789344,0.00981822722473516,0.05075969835771471,0.01400382884503729,0.039242619320511,0.02744820189636106,0.02934157765612508,0.0445595214650361,0.5464010797392298,0.06672738964072243,0.01659630959329828,0.4452539477577334,0.01655534435725107,0.01281301980300307,0.02062493376851185,0.03056038107646076,0.04115184047068491,0.11869369786922776,0.05946730959887906,0.06707314035951824,0.04612845637770106,0.7587262313762031,0.4269815073088178,0.00122587573346339,0.06615945158365184,0.5584356331221303,0.2921152587630292,0.11278953558485362,0.1963891947087573,0.00415904029308304,0.00970320538441243,0.40564701849079127,0.00853092917983182,0.11644618711739198,0.02243996162338975,0.0943004031504614,0.04379247129934982,0.01574183051903905,0.4466776448026243,0.03380471520404325,0.01106426072162327,0.03627887816111771,0.04734921517449404
Cleveland St,NA,NA,NA,NA,0.14670379884135212,0.03156769142639878,0.14154021874898717,0.6363469092439332,0.33609753335276654,0.11160788529172444,0.5026479362834876,0.2809262750470717,0.1590850031907204,0.76750087743151,0.15495115354763195,0.24590103652023573,0.7208598629809916,0.8343070949633893,0.3676975419159241,0.03181376812441548,0.820704006348191,0.03372486271720165,0.06821064286374554,0.6579237885307084,0.07987593635816186,0.05228987446858914,0.2293195714149207,0.07324225657957334,0.17370215300525668,0.13572964206693997,0.1439864433470467,0.2060429721625083,0.8607411332856549,0.28461574423962227,0.08584652785224782,0.817057319116091,0.08564951732093416,0.06735825913314422,0.1048921122091068,0.1492352494552836,0.20346665527847127,0.42838165824301866,0.2602600001944408,0.28574482154299236,0.2110638021443972,0.9459413387293812,0.8056869480964518,0.00678339434481919,0.28275515517511485,0.8755793463158891,0.6966232250945876,0.41431473439889827,0.5657297111102316,0.02271170646395049,0.0573175086556563,0.8027550123593626,0.04569094473349008,0.4061813350236812,0.11326516621200194,0.3668346988504559,0.192193114134126,0.08172292003202108,0.8179170320026953,0.13883378221844794,0.04673399818690867,0.1452389341851378,0.21665005350611052
Colorado,NA,NA,NA,NA,NA,0.15937935252811236,0.48953533588823256,0.9105390571288304,0.7464859023032152,0.4338131462243387,0.8546171517906525,0.7337301399517792,0.5244957466736869,0.9504966514885436,0.49620147522236474,0.6547753210740943,0.9375803287523454,0.9669829446779438,0.7718142644653551,0.1615902822231923,0.970984393001405,0.17936478743454928,0.2986331833711392,0.9179449232135009,0.33551565008311246,0.24295346900501036,0.6337953764719638,0.314917511932642,0.5693340587271543,0.47738306961957633,0.494531241081581,0.601506598233157,0.9749919901614876,0.7083755537770063,0.3532585960568678,0.9629319566829176,0.35268466114106567,0.295815496763865,0.40532621482024705,0.5050196859033057,0.5814257779510739,0.8133967272153956,0.6717417925147032,0.6994226412825788,0.6087750640190612,0.990270368033786,0.9668328780880736,0.03820701852177444,0.6963243187659633,0.9761517854169282,0.9303423648616868,0.8044801699748945,0.8834114973220342,0.11907593404877842,0.2612595596716423,0.956690302574754,0.2178233340783955,0.7991382110412037,0.42626089993786936,0.7711596745087999,0.5805103544867277,0.3410825973846157,0.9631370808880366,0.5310418999506107,0.22188226851636433,0.5492217937288554,0.6166598882819411
Connecticut,NA,NA,NA,NA,NA,NA,0.8349314094935204,0.9817126290338098,0.9395060306295034,0.7939861962599069,0.9687545120214428,0.9356246905112668,0.8530207562639688,0.990222032806935,0.8490615970070654,0.9091210594442802,0.9875348523506784,0.9935679545554892,0.9469211490303812,0.5041024991059986,0.992929081758436,0.5170761386645659,0.6919045216253406,0.9829358767499592,0.7270110851274019,0.6286193781544744,0.9012674306789052,0.7079864491400171,0.8745703735230027,0.8281146263551785,0.8376678819315917,0.8884097934112611,0.9951604697891412,0.9242724319471138,0.7423286406729629,0.9927543414825613,0.7493417037870075,0.6890215214841473,0.7686876540050523,0.843292475581129,0.87989987551944,0.9583170860023088,0.915206184796602,0.9111293151783014,0.8913900842031384,0.9981406276541658,0.9921997537664032,0.173227079599686,0.9236290747555658,0.9953893356588644,0.986002961635761,0.9593639425923436,0.9755886705978678,0.4162086897240077,0.6509962071015583,0.9914899113821012,0.5949476183428823,0.954512801319902,0.7966894102974761,0.9467342159682068,0.8795019334565989,0.7319188157380905,0.9941431166006672,0.8565812815012949,0.6006375659077942,0.865341254837459,0.8945655059528025
Creighton,NA,NA,NA,NA,NA,NA,NA,0.913891161658327,0.7543265349178304,0.4324491532162747,0.8597418802696987,0.741828840256727,0.534321942220982,0.9524297640370676,0.5265428793082633,0.6641763380800589,0.9399859788374172,0.9749265836508042,0.79921826881009,0.16734273100229535,0.9652323134493442,0.17470279414224096,0.3074750655150764,0.9210435926351066,0.3449125223494583,0.2507361481853484,0.6434566125855604,0.35720679081303763,0.5795677987430635,0.4878362181048543,0.5049970490923456,0.6893558827103603,0.9759927164595522,0.7070037395295321,0.36288102082322854,0.9643976577814368,0.36230021021787506,0.3513518969019713,0.4154558373948677,0.5154810971686158,0.5915783089662581,0.8196678712145421,0.6809059453690148,0.7081497619702636,0.6186992692254467,0.990665564529246,0.961756241486646,0.03977552805299993,0.7051034687811663,0.9771071908017366,0.956826028729724,0.8109813362702332,0.8876546569003655,0.12353792176410604,0.26941995575943933,0.9583921397152037,0.22504030178418963,0.8057741173247351,0.43652965523590104,0.7784636702424766,0.5906694575154676,0.3505531306154501,0.9645949694225424,0.541452701573282,0.22919431176513771,0.5595637352131292,0.707769613593267
CS Sacramento,NA,NA,NA,NA,NA,NA,NA,NA,0.2243877110678141,0.06698422181683417,0.3661076661963995,0.21305572987383611,0.09756345295551042,0.6535565967461799,0.09484793718057928,0.15707720291351612,0.5960870456805505,0.7421018857162148,0.24943073954562217,0.0185843260984752,0.7234382313086418,0.01955535958539803,0.04015404310543381,0.5236104388754319,0.04726452046452437,0.03056702761858148,0.13069521809330262,0.04321201802189604,0.1149547695723969,0.0823555500072722,0.08769491308928949,0.1291508023803404,0.7929825999813647,0.18524271545950813,0.05093239682151843,0.7477930194284158,0.05081105771473268,0.03963734995693181,0.0627638833515093,0.08372440561722289,0.12008710565321024,0.2689524625968197,0.16740084077546477,0.18608011777065225,0.13261088844505828,0.9090894366808636,0.703220536299495,0.00271506490329682,0.1445009871268792,0.8008593661341028,0.5675165077063581,0.2878805255190411,0.4267571806951672,0.01310661826062333,0.03358003180223502,0.6845731059165168,0.0266324607710321,0.28103816426713113,0.06587174575442294,0.2487362489187289,0.11969033608100098,0.04839708867588326,0.7196558081623563,0.10011863034090232,0.02725286332977858,0.1069092612652641,0.13647992223492664
Drake,NA,NA,NA,NA,NA,NA,NA,NA,NA,0.19881969601197652,0.6859300452146968,0.4834245011665512,0.2720358279276155,0.8670342642064566,0.26589498600202216,0.3971067783151025,0.836096290747591,0.9086448207848932,0.5346012821476289,0.0614333979093097,0.9004162659577363,0.0644961681645872,0.12633362941893006,0.7916317549182739,0.12262910469276075,0.09827746769556524,0.3701849629746743,0.13503140581330436,0.3098495736591512,0.23676700461047812,0.23637614302442175,0.3388976032081906,0.929777451220767,0.440053247233428,0.15647365564880644,0.8981897188261803,0.15614224650749198,0.12485224245733244,0.18796646314685284,0.2573327927150822,0.3205319616061778,0.5968306829014515,0.4100197372214294,0.4414184688660762,0.34574602801800536,0.974264885518246,0.8911904059368085,0.01331135241850239,0.4377983776270572,0.9414587004972004,0.8193578674114751,0.582872664599851,0.720145439938328,0.04324966742622264,0.10722649598108236,0.8823781470133897,0.07733909510600137,0.5746770720583584,0.20147829974445897,0.5336773491305009,0.3197135539722546,0.14951235947812608,0.8987154248800039,0.2777540347855016,0.08829055451115196,0.292674398006308,0.35330061189926304
Duke,NA,NA,NA,NA,NA,NA,NA,NA,NA,NA,0.8894380003046731,0.7904038373050032,0.5900982962746043,0.9633383935492392,0.562451132955907,0.7218841801625647,0.9536091799337144,0.9756574798531108,0.8223446807704797,0.2087110338662463,0.977616355634916,0.22194859611769477,0.3681678886121687,0.9386862439017152,0.40863469108347505,0.3051644427842584,0.7031335044929798,0.3861562929564116,0.6440222409803592,0.5555697055658173,0.5724500723690299,0.6738119307803755,0.9816023517835428,0.7602075656034233,0.4277551967346744,0.972640690467256,0.4271401647843657,0.3650355878766466,0.48260941150379455,0.5826860644329148,0.6552866240666182,0.8564317995676347,0.7368778704096042,0.7610201143125266,0.6804621630520811,0.9928717256068316,0.9743887046329957,0.05156111047531799,0.7583373495594429,0.9824610934084458,0.9481270324348132,0.849190343409693,0.9120455452683354,0.15610757406293208,0.3261386290611633,0.9679794668092858,0.27594497081263586,0.8448343366544612,0.5041517033253619,0.8218015783722513,0.6544367288367875,0.41465776845402663,0.972793607191658,0.6077961601775613,0.28069827826752786,0.6251011634637681,0.6876435019886865
East Carolina,NA,NA,NA,NA,NA,NA,NA,NA,NA,NA,NA,0.3191562595000328,0.15767316964141584,0.7656054814552744,0.1535693069313146,0.23170748647488032,0.7187235848940337,0.8328377022173317,0.3652384488694611,0.03174605606452319,0.8191401300771431,0.03338140050691543,0.06754051799580338,0.6555360155546843,0.06014737240563466,0.0517674709765614,0.2274530213537912,0.07252654700605445,0.18359949090918143,0.13449193050578903,0.1241384155755056,0.20431565438750868,0.8689777188418862,0.2824640716129659,0.08501895076884734,0.8154687870585977,0.08482366322979332,0.0666959089720223,0.10390180017128577,0.14789545579116356,0.19113471340703356,0.4257900149249741,0.2582259921812002,0.2835879968618295,0.209305489482852,0.945456376735398,0.8040233659728193,0.00671240458622846,0.28061203105310384,0.8804331213923183,0.6943801015231015,0.4117468927960559,0.5631257224716786,0.02027838690373221,0.0567478840830157,0.7898165794214163,0.03696130286741653,0.40362916276767863,0.11220571164915108,0.3643780509424515,0.1905540373180039,0.08093157597726112,0.8163342869542325,0.16152084745573533,0.04626439119154079,0.17168159214366863,0.214857877325828
FL Gulf Coast,NA,NA,NA,NA,NA,NA,NA,NA,NA,NA,NA,NA,0.28536726468896856,0.8744963552597893,0.2790408385872918,0.4076872890871416,0.8449842115370596,0.914003327134708,0.551059643314896,0.07758267001672685,0.9062076038971963,0.06861553858772645,0.1338375164498319,0.8023608742603753,0.1548609278002757,0.10431386413898812,0.385777347900782,0.14296737710081167,0.3498402209663766,0.24896115439569871,0.26201786929226994,0.3539126834652893,0.9405500941710336,0.4564556752587175,0.165428799530201,0.9040967511121418,0.16508213542051398,0.13228146158523138,0.19830026323655175,0.27021114511956973,0.39534595880635953,0.6126827508698192,0.4261546844309805,0.45783017705394347,0.3608988916694114,0.973639410205894,0.8974571754709645,0.01421121045923463,0.45418493091544415,0.9369249407714206,0.8289677814410569,0.5989047192857675,0.7333154473858376,0.04675989002573468,0.11374322447803618,0.9124141585689566,0.09178541350296276,0.590802983628559,0.21236067292655397,0.5501408896027701,0.3343084839393966,0.15814379356268435,0.9045951955365952,0.29211408628113533,0.09377732901985868,0.30310190108141877,0.3685980344893512
Florida St,NA,NA,NA,NA,NA,NA,NA,NA,NA,NA,NA,NA,NA,0.9457976859754046,0.4717162554982486,0.6328487268731707,0.9317433620155924,0.9637892759846376,0.7545345307415104,0.14904865737647752,0.9680902912454556,0.16538167629644193,0.2789945877810788,0.9104471957038104,0.3145393369393195,0.22579765111456335,0.6113272423990648,0.2946579319789209,0.5457455667087755,0.4535917747648685,0.4706549751948068,0.5783752847123238,0.972551028473703,0.6877123793921319,0.33172678134297745,0.959362911707288,0.3311699158027547,0.276289203323567,0.3824977298592415,0.48111902598080913,0.5579853928350371,0.7984435693647588,0.6503173099558186,0.6789413214652548,0.5857751146566402,0.9893043265966516,0.9635402406207518,0.0348436484111266,0.6757297598660894,0.973820988498128,0.9238835122112204,0.7889978490928568,0.8731942007059931,0.10940343150214205,0.24322639258991824,0.9525499023787454,0.20196862766823231,0.7833468037098016,0.40305248477446054,0.7538461801669053,0.5570577593002463,0.31992581144550963,0.9595869571242978,0.5071715724044814,0.20580986134692225,0.5254499063517368,0.5938141984262201
Gardner Webb,NA,NA,NA,NA,NA,NA,NA,NA,NA,NA,NA,NA,NA,NA,0.05262330669333941,0.08990073016785938,0.32572269540671805,0.6040125069398595,0.14977583173520476,0.00993814320488003,0.5809979238942797,0.01046222845819541,0.02169458231860564,0.3681416113969624,0.02562352075286517,0.01407826475284983,0.08268517346647365,0.02338100093668849,0.06441595222096258,0.03515334766620606,0.04848411175627178,0.072884797076677,0.67002292892209,0.10755783708285976,0.02191318620217799,0.5750005675427309,0.02759323566901403,0.02141012299530489,0.03428154718827642,0.05045673270411911,0.06746389980836207,0.1850184111949137,0.07756161349886753,0.1080906492533168,0.07496722460558564,0.8412899757504654,0.556747335850105,0.00206465710262123,0.10668210309924636,0.6806943124463161,0.4102374189716619,0.17647570771791465,0.28296450564107184,0.00699073449827421,0.01808580485088171,0.5349824590815203,0.01429650326807669,0.17164300196728086,0.03725266608078746,0.14562627694127508,0.06722771411429901,0.02604409495496397,0.5764080647582901,0.05569194999922546,0.01463386031434557,0.05966910731887358,0.07730434350415488
Georgia,NA,NA,NA,NA,NA,NA,NA,NA,NA,NA,NA,NA,NA,NA,NA,0.640075086724375,0.9337030968596566,0.964863628403644,0.7602731003428485,0.15305355833958656,0.9714094254051582,0.18161220225642968,0.2853203802671751,0.912961252924854,0.321311898590943,0.23130422761801175,0.6187219886239235,0.30119051134408975,0.5534766815589595,0.46134326193192216,0.4784427326991408,0.5859723668017541,0.9733726065063932,0.7115044388313039,0.3386865635040035,0.9605632182056072,0.3381239260242887,0.2825776959128966,0.38990122473324573,0.4889200062111123,0.5656739782747153,0.8034230560055154,0.6573859879696611,0.6857110174127952,0.5933326124395574,0.9896298067579842,0.9673166766020342,0.03590938344774295,0.6825355094629922,0.9746055477446808,0.9260510030433065,0.79415053102824,0.8766123444328523,0.11248388711603216,0.24902129445912824,0.9539417849755458,0.20704949388923632,0.7886005098357,0.41058929169473274,0.7595957149784099,0.5647498939595592,0.32675906536742466,0.9607809164774412,0.5149757319020762,0.21096181521980067,0.533231007872826,0.6013248481956831
Gonzaga,NA,NA,NA,NA,NA,NA,NA,NA,NA,NA,NA,NA,NA,NA,NA,NA,0.8878858123909823,0.9391783676327612,0.6407192591558282,0.09224389766141598,0.9334987529229626,0.09668449529234532,0.18333532472115832,0.8550349907530698,0.17505297485596114,0.14471710027992649,0.4771252759068528,0.19508124703239504,0.41072669861703576,0.32505732572385265,0.3197075567625781,0.4431592409956581,0.9536084745351358,0.5495653362415657,0.2235941372134585,0.931955985010136,0.22315817683584663,0.18132425913600905,0.2643622495653989,0.34977751932894213,0.4227565526133232,0.69680668952162506,0.5189850696887959,0.5509360251769785,0.4506782811958821,0.9828988707363046,0.9270896173451658,0.02051487719243958,0.5472977905125548,0.9606544880553954,0.8756497095175348,0.6844800969544121,0.7997998259438828,0.06422286568946646,0.15715785495716805,0.9209267928359944,0.11289278333070304,0.6771751742492642,0.2814622576599727,0.6398640778450916,0.4218391805357603,0.2144057436889799,0.932320473903211,0.3738420655843323,0.13069500578630017,0.3911288108918774,0.45891740617461585
Hawaii,NA,NA,NA,NA,NA,NA,NA,NA,NA,NA,NA,NA,NA,NA,NA,NA,NA,0.6609957204022052,0.18379598692458352,0.01266878004378052,0.6393153173385612,0.01333492518507677,0.02756551995609687,0.4268596718316989,0.03252235272492908,0.02871083050773371,0.1033181482081311,0.02969446095494721,0.08089210283708675,0.07013259993930099,0.06115160658545074,0.09131566615992634,0.7218809788821305,0.13349421649567683,0.04432306177496,0.6336263124168063,0.03500333902344139,0.02720622167987866,0.04340760389860366,0.06360516453277267,0.0846491110402082,0.22492586469934833,0.1482550678349251,0.13413619929654805,0.09387137261350832,0.8713983934726067,0.6162103868835852,0.0026377126244841,0.13243864718262574,0.7315472262157541,0.47066830913440055,0.2150267068338061,0.33530638294856185,0.00891882697105998,0.02300310646864659,0.5952426026441514,0.01820264063661312,0.20940674477144264,0.04713106032725024,0.2608163167466276,0.08435820380523953,0.05245196153213694,0.6349629134158676,0.07010389767043816,0.0186304293341829,0.07502848862544757,0.09673620139473736
Holy Cross,NA,NA,NA,NA,NA,NA,NA,NA,NA,NA,NA,NA,NA,NA,NA,NA,NA,NA,0.09286551758539877,0.00653777271846574,0.47618279652535017,0.00688378714262185,0.01432992586670026,0.2763959523527157,0.01694821424853683,0.01083894624721495,0.05579691429951274,0.01409052154063182,0.04318892119626954,0.03024577665160673,0.03232571483170449,0.05399051178859421,0.5710353217165206,0.07322694512322032,0.01830865987199181,0.4700536139249082,0.018263546479864,0.01373935838614607,0.02274333064172044,0.0336641756302335,0.04528108792843938,0.12955236280220708,0.06530918629687425,0.07360371752126132,0.05045071893033558,0.7765451371219342,0.4515919273534997,0.0013545417633237,0.07260799112290826,0.582915193448075,0.3630454652277552,0.12318355718618015,0.20554095102759656,0.00459415066659602,0.01193127871968911,0.4299504187993657,0.00941909163655271,0.11959829026964428,0.0247400716503428,0.10318874441600408,0.0451188050487968,0.01736757558326451,0.4714892119119536,0.03722536051778415,0.00964248144117866,0.03993953111595592,0.05863617670656637
Illinois,NA,NA,NA,NA,NA,NA,NA,NA,NA,NA,NA,NA,NA,NA,NA,NA,NA,NA,NA,0.05390973546986021,0.8872777890561918,0.05662004043039065,0.11180857593823118,0.7678414455706704,0.12989056215908762,0.08665818033810276,0.33848562048783676,0.12250451842465908,0.2810115835888401,0.21263522485872344,0.22435594150497273,0.3579423944913262,0.9201692670840153,0.4062299692198074,0.139034757563693,0.8847950698787929,0.13873420904562453,0.11977972459792983,0.1677155628725167,0.2317413491698457,0.2911191333291547,0.563074719510945,0.37695087562586327,0.40756663499528833,0.3150924374268937,0.967836096287504,0.8770009977403668,0.01160823931844212,0.40402336062737176,0.9236725320715172,0.8477378971281048,0.5488314796112886,0.6913752186890603,0.03842759501279236,0.09466024008576324,0.8672107973703421,0.07607014391349247,0.5404943267086708,0.18009453085135124,0.4990717402548165,0.29034373420970333,0.1327272180988033,0.8853811142033734,0.2508175986666574,0.07775020521482613,0.264821544381504,0.3782836774797619
Indiana,NA,NA,NA,NA,NA,NA,NA,NA,NA,NA,NA,NA,NA,NA,NA,NA,NA,NA,NA,NA,0.9928129289243398,0.5129772760427417,0.688395308077328,0.9830632825093768,0.7237420814553756,0.6247802456673607,0.8997975171051297,0.7045822007230776,0.8648197547312411,0.8257661695313123,0.8354240104482954,0.8867725061896559,0.9947118495874926,0.9231157957927304,0.7391772567466155,0.9926353395084092,0.7386924657595118,0.6854943967800371,0.7795630936436876,0.8411116042387717,0.8860242328259537,0.9576566139339748,0.9139239699083416,0.9235079742232708,0.8897911002486851,0.9981099210839084,0.9920717160405972,0.17088938432061102,0.9224634365211212,0.9953134062652752,0.985774664545538,0.9552540934804752,0.9751947856610216,0.41222687998358054,0.6472585922888736,0.9919908427261686,0.5909868849995819,0.9537949561470888,0.7940183903436653,0.9459005724394048,0.8777519318653998,0.7286866492946251,0.9926773434442356,0.830688571458913,0.5966947545238382,0.8379540779136683,0.8930076601316611
Iona,NA,NA,NA,NA,NA,NA,NA,NA,NA,NA,NA,NA,NA,NA,NA,NA,NA,NA,NA,NA,NA,0.00648902012525268,0.01574083963152,0.2958645622149121,0.01861205488060733,0.01191029408803767,0.06103780797349228,0.01697247598290989,0.04730490207019626,0.03317101638243724,0.03544476457772384,0.05365314494723008,0.5942149302816394,0.06767472605633196,0.02010332697133457,0.493853281076734,0.02005388177079857,0.01553320627402015,0.02496164365538381,0.03690744537541277,0.04958612289219705,0.14068871391954904,0.07137600803359644,0.0803747933574959,0.05521882220376036,0.7926520913710879,0.4655521683870301,0.00148983994171037,0.07929530702496247,0.6058959006216783,0.3340652639663618,0.13385663280608656,0.22154677171006557,0.00505139985218261,0.01310916447189507,0.4534570157831518,0.01035156626745102,0.13000678432542087,0.02714773028275164,0.11235138120088396,0.04940920968043854,0.0190717870559742,0.495293632001784,0.04079723669394782,0.010596834716778,0.04376000230430531,0.05697820268051579
Iowa,NA,NA,NA,NA,NA,NA,NA,NA,NA,NA,NA,NA,NA,NA,NA,NA,NA,NA,NA,NA,NA,NA,0.6771504628820589,0.9821767733724424,0.7132414450823434,0.6125318644799267,0.895018103496898,0.6936615481111565,0.8668808304790862,0.818169207983907,0.82816052097323,0.8814536811638701,0.994819992056956,0.9174477803009052,0.7290436671160497,0.9922459032730596,0.7285469578471303,0.6741944122492984,0.770511444448754,0.8340492710939794,0.8724894246358968,0.955500454875415,0.9097507720627084,0.9197586383161896,0.8845956192123126,0.9980093949732304,0.992557835970119,0.16365811824051368,0.9186674105787158,0.9950648795849316,0.9850279143114092,0.9529816026442296,0.9739073517588792,0.39970656330718424,0.6353156776222957,0.9908935601890412,0.5783798004926277,0.9514521268781784,0.785396907908175,0.9431813034754029,0.8720704985624571,0.7183008044410303,0.9922901110853192,0.8479806020990994,0.5841398046068548,0.8571783122616388,0.8879447184285839
Iowa St,NA,NA,NA,NA,NA,NA,NA,NA,NA,NA,NA,NA,NA,NA,NA,NA,NA,NA,NA,NA,NA,NA,NA,0.9633344037476724,0.542515162880666,0.4297822152526469,0.8025563608753203,0.5191372727170586,0.7563828386498707,0.6820666299294634,0.6967647881649067,0.779982017311579,0.9891967699934024,0.8445954917767798,0.5619472982245949,0.9838736441728304,0.5613285856654535,0.4966276900293414,0.6155007283266595,0.705555402433036,0.7653869776615025,0.9110115638364308,0.8277677168041494,0.8453210817026141,0.7509261390115517,0.995833969787215,0.9826512003901052,0.08533564057475482,0.8433899213814497,0.9897047470756132,0.9691049026306456,0.9062216180839118,0.9384072636164584,0.24096521434467105,0.37921261367395975,0.9810889769774728,0.3954210131788224,0.8914979282158788,0.6356867541743171,0.8878221594997802,0.7406104391049663,0.5486806750673063,0.9839648127027614,0.7267394958397752,0.4108984674709959,0.7410325046419002,0.7907099360711131
James Madison,NA,NA,NA,NA,NA,NA,NA,NA,NA,NA,NA,NA,NA,NA,NA,NA,NA,NA,NA,NA,NA,NA,NA,NA,0.04318613306635003,0.02788726947555169,0.13398054069230872,0.03946882889177768,0.1056833966884152,0.07548912541054022,0.08042233191721233,0.11888828648400956,0.7770377374198714,0.1714003068090444,0.04655297841004388,0.6989874473333683,0.0493381302891203,0.0361920990748617,0.05454450148546895,0.0835802476821609,0.1104534567767089,0.280393096715284,0.1546386335940698,0.15109183520389968,0.12211198200500316,0.900970544745504,0.6831247193700868,0.00353843262230406,0.1701038458142975,0.7853569708244362,0.544187827097988,0.2907073813478815,0.4038120909421656,0.01193873271121387,0.03064447863288769,0.6638182498145736,0.02428899692445204,0.2623422826378285,0.06227656516977205,0.231497322135282,0.11008453475620288,0.0442255100685249,0.7466260271557078,0.09191955299237996,0.0248562025973622,0.09821476938649716,0.12571909851152102
Louisville,NA,NA,NA,NA,NA,NA,NA,NA,NA,NA,NA,NA,NA,NA,NA,NA,NA,NA,NA,NA,NA,NA,NA,NA,NA,0.38859734294028,0.7741468575751218,0.47654577814014953,0.7236175420589663,0.6440103693460361,0.6889284467498212,0.7493388558322308,0.987214502369802,0.8208848668091642,0.5196390285404796,0.9809334708665338,0.5190117068881748,0.4541388284035847,0.5744478803233125,0.6689460679320766,0.7334058606165559,0.8961887652122931,0.8020912377761195,0.821697791530692,0.7550091289934182,0.9963216001658868,0.979492795414786,0.07293620155024766,0.819534660414114,0.9913838498423212,0.9635717738737944,0.890696685964359,0.9375253646735684,0.24438493246005233,0.4119065138581309,0.9776526321643472,0.3748895812186728,0.8873805595584905,0.5953723051187053,0.8696892163921733,0.7326699948575813,0.5062169804999249,0.9810409410323384,0.6916128210936631,0.3609165677269675,0.7070024001110862,0.7611032810475923
LSU,NA,NA,NA,NA,NA,NA,NA,NA,NA,NA,NA,NA,NA,NA,NA,NA,NA,NA,NA,NA,NA,NA,NA,NA,NA,NA,0.843577180275391,0.5888773322417274,0.8046617651958625,0.7184316905543446,0.753000368362772,0.8246682577609807,0.9918357112621764,0.8782077136713873,0.6107426557441233,0.9877968422253628,0.6293187985385967,0.5669088498049851,0.6798829620788189,0.7607205932310712,0.8123242552517851,0.9314250822454142,0.8548299720052086,0.8787988875178132,0.8290232967156557,0.9968567717194224,0.9868678234646384,0.1101484919031166,0.8772249901906419,0.9922205789307506,0.9765353316597088,0.9276466600590848,0.9593670811528452,0.2963676467376279,0.524261568334692,0.9856797648477964,0.4645989552817824,0.9253576061559264,0.6983454943113097,0.922700681532316,0.8117503103505186,0.6518928572067407,0.9878661049316162,0.7791779499721484,0.4704903004990071,0.7915149941925802,0.8336819148128031
Marquette,NA,NA,NA,NA,NA,NA,NA,NA,NA,NA,NA,NA,NA,NA,NA,NA,NA,NA,NA,NA,NA,NA,NA,NA,NA,NA,NA,0.20986117646636812,0.4330545852115021,0.3454582911600059,0.3611422704455454,0.4658563887172566,0.957495016733741,0.5721130152940991,0.23989047516965853,0.951740599655085,0.23943253920247223,0.1953148271396878,0.2825485921148149,0.37801998219070915,0.44524428024321416,0.7098966000269177,0.5417872046886172,0.5734683434368267,0.47343311203628463,0.9832796666722532,0.9330418336524712,0.01778604666253414,0.5290739545912447,0.9594325051779709,0.8852817102669454,0.7039128285222519,0.8140594736864701,0.07244368991566077,0.16967024090628846,0.9273426963097704,0.1386043817911789,0.6968585587112694,0.31928091674623593,0.6606824825279541,0.444315670982219,0.23023098271979991,0.9378742727174032,0.39551063637677014,0.14145410578478387,0.4131382535632782,0.4817234284159484
Maryland,NA,NA,NA,NA,NA,NA,NA,NA,NA,NA,NA,NA,NA,NA,NA,NA,NA,NA,NA,NA,NA,NA,NA,NA,NA,NA,NA,NA,0.7419949277020488,0.6652322042255834,0.6803438849162232,0.799731635805063,0.9883469010607572,0.8342759065720773,0.543013998290075,0.9826123761232416,0.5423903205598574,0.49360188180545866,0.5972230508558922,0.6893983273939489,0.7513560359608714,0.904604174873925,0.8165733715153028,0.8350402684203372,0.7719570071529229,0.995503863123645,0.9812961406329108,0.07954454061764418,0.8330061092905985,0.9888943910602188,0.9755385674391664,0.8995073852935305,0.9428037042621248,0.22723653492090765,0.43482206244137134,0.9796144282706007,0.3772662762497588,0.8964274815383777,0.6177727514206062,0.8799650747586744,0.7506528719053195,0.5296539064887081,0.9827105497875428,0.7112691590146639,0.3828420690028907,0.7260663410888785,0.8133739917467379
Miami FL,NA,NA,NA,NA,NA,NA,NA,NA,NA,NA,NA,NA,NA,NA,NA,NA,NA,NA,NA,NA,NA,NA,NA,NA,NA,NA,NA,NA,NA,0.40862217776309345,0.4253104628556723,0.5331044788442634,0.9671077382553392,0.6364240084179018,0.2923742230462526,0.9515745656307056,0.29185456752205746,0.24114009496329888,0.3401882487260604,0.4355959676958146,0.5485580642954989,0.7672949479118455,0.6075293821426202,0.6377046296501767,0.5406678429567822,0.987177738788563,0.9480330409926796,0.02917271710098393,0.6343027560012952,0.9687132539456778,0.909933701191736,0.7568340473153861,0.8514483082409017,0.0927639404283795,0.2110568257617516,0.9508844216275464,0.17400122674716853,0.7505938887219946,0.35979412487767215,0.7182376083991112,0.5114315442942742,0.28138373446430276,0.9518393951219726,0.4340374960840089,0.17742881090977752,0.4469927994371796,0.5489082063568215
Michigan,NA,NA,NA,NA,NA,NA,NA,NA,NA,NA,NA,NA,NA,NA,NA,NA,NA,NA,NA,NA,NA,NA,NA,NA,NA,NA,NA,NA,NA,NA,0.5171566596534678,0.6229940654198761,0.9771069465403488,0.7169821223265571,0.3807748833442708,0.9660313097075282,0.37361725287773134,0.31501537133126595,0.42732065228313487,0.52762407165284,0.6032818921257944,0.8267495600174566,0.6976856715916964,0.7181046771391633,0.6301116138624921,0.9911050024005302,0.9635065111982968,0.04167639936967867,0.7151204911350921,0.978170852602114,0.93598546834452,0.8183285410286922,0.8924169116425954,0.12890441619338558,0.2791055445233093,0.9602900144819267,0.23364067557946988,0.8132771254619829,0.4485345035607973,0.8238894167307322,0.6023815795889205,0.423279350236083,0.9662198846218342,0.5535085627714168,0.23790470367641295,0.5715202456335642,0.6378222489474019
Mississippi,NA,NA,NA,NA,NA,NA,NA,NA,NA,NA,NA,NA,NA,NA,NA,NA,NA,NA,NA,NA,NA,NA,NA,NA,NA,NA,NA,NA,NA,NA,NA,0.6067383488686183,0.97551987563293,0.7028459923836052,0.3582724131850365,0.9637049365831394,0.3576948376475898,0.30039270104001975,0.4106098474094982,0.5104872932560128,0.5867400362284533,0.8166943674431993,0.6765472883690493,0.7040014688055061,0.6139726298054557,0.9918897061156112,0.9610142033991064,0.03901906887695046,0.7009301627109075,0.9811155048837408,0.9317467656858304,0.8078981686518134,0.8856457909314603,0.12742707894199964,0.2655036719168094,0.9575877069185794,0.2130879955198955,0.802626684122956,0.4316193577728584,0.7749972521493315,0.5858279560518707,0.34601605825361237,0.9639059436672168,0.5364858833973941,0.22568212264977364,0.5546317291078815,0.6218177756412694
Mississippi St,NA,NA,NA,NA,NA,NA,NA,NA,NA,NA,NA,NA,NA,NA,NA,NA,NA,NA,NA,NA,NA,NA,NA,NA,NA,NA,NA,NA,NA,NA,NA,NA,0.9627264920812344,0.6052203330811792,0.2657111352479234,0.945084616954524,0.2652211077668193,0.1962006524348535,0.3110816485039107,0.40331603366503527,0.47923258800007856,0.7427837110685348,0.5754999329995454,0.6065429139627202,0.5076043144942245,0.9853860273644108,0.9410978388708984,0.02564251453593259,0.6030305824082075,0.9644343738066424,0.908982502061032,0.7316063688620876,0.8338820497010287,0.08219001147983096,0.18982021411707184,0.93603738188253,0.15575705422654434,0.7249540884687949,0.32984863705326356,0.6906424227950266,0.4782942084977247,0.25536123239483416,0.9453829016055396,0.42863583992823634,0.1588943869501436,0.44664895635638735,0.5218526779463313
Monmouth NJ,NA,NA,NA,NA,NA,NA,NA,NA,NA,NA,NA,NA,NA,NA,NA,NA,NA,NA,NA,NA,NA,NA,NA,NA,NA,NA,NA,NA,NA,NA,NA,NA,NA,0.05602922647722624,0.01381649522626423,0.3998702963251996,0.01378229533734774,0.01066002198607532,0.01718213102870667,0.02550229612705893,0.03968736161505581,0.10056170378396811,0.04987092975002176,0.05632288959604924,0.03838058870995872,0.723035472482111,0.38217722631911144,0.00101788178668258,0.05554692441363576,0.5121665102076031,0.25516111734836894,0.09546178201500724,0.16272476463257196,0.00345509885244716,0.00898952296438219,0.39702985132220336,0.00709229043339856,0.09259815090153647,0.01869997150550805,0.07955840614773908,0.03427826369898167,0.01310323091527546,0.4012538419084484,0.02542002383599554,0.00726090067945128,0.02675535052498607,0.03962597172063774
MTSU,NA,NA,NA,NA,NA,NA,NA,NA,NA,NA,NA,NA,NA,NA,NA,NA,NA,NA,NA,NA,NA,NA,NA,NA,NA,NA,NA,NA,NA,NA,NA,NA,NA,NA,0.19096415036986583,0.918205872706832,0.19057619494674885,0.15364218411219874,0.22752630073135033,0.3059904304463984,0.37510392356683786,0.6532198634898457,0.46930419426713565,0.5013846722486982,0.4020705568577144,0.9777691056454,0.9230806408186548,0.01687685316248394,0.4977109894786964,0.9464902808678352,0.8523243708428431,0.6400366388900576,0.7660480440228489,0.05518899320098344,0.13256775027957612,0.905174709072523,0.10741636917511452,0.6322555781597881,0.24303077768327733,0.5928741071781758,0.3742229197871858,0.18280094777694025,0.9186375860574836,0.32856471025527145,0.10970652999106724,0.34491106138473243,0.41008444028687513
NC State,NA,NA,NA,NA,NA,NA,NA,NA,NA,NA,NA,NA,NA,NA,NA,NA,NA,NA,NA,NA,NA,NA,NA,NA,NA,NA,NA,NA,NA,NA,NA,NA,NA,NA,NA,0.9794065486032386,0.49937174005037127,0.4347349287318996,0.5551312780311112,0.6513152571410382,0.7177595530923552,0.8886455721969315,0.789607626944494,0.8098900974215647,0.7401815435283245,0.9946619797091796,0.9778531030860428,0.06779692595609715,0.8076172560529917,0.986831281950684,0.960710149113195,0.8828066099277434,0.9327604390023092,0.1983778421200087,0.3930079008109203,0.9758694308568348,0.3376800011809464,0.8792835510347928,0.5763049592610495,0.8838273968270953,0.7169971646914673,0.544118686405061,0.9795224457320532,0.6746019639351057,0.3429929750158753,0.690460507821603,0.7465207025234027
Norfolk St,NA,NA,NA,NA,NA,NA,NA,NA,NA,NA,NA,NA,NA,NA,NA,NA,NA,NA,NA,NA,NA,NA,NA,NA,NA,NA,NA,NA,NA,NA,NA,NA,NA,NA,NA,NA,0.02054282598133206,0.01591371944428111,0.02556712464647777,0.02989645815190764,0.05075781253297153,0.11038446586328014,0.07302301945427764,0.08221106991905588,0.0565156945378807,0.7966641925874279,0.48143063735763814,9.173563415589428e-4,0.05389709680537587,0.6117516574153133,0.3395574065128319,0.13673310637900377,0.22581634849555,0.00517649290530598,0.01343110661938166,0.45955745441820733,0.01060651362789195,0.13281321342265948,0.02323059895455055,0.11482698981710662,0.05057694143092384,0.01953726369281603,0.50144051761438,0.04177037764106085,0.01085775648718938,0.04480051365645469,0.05831384551074296
North Carolina,NA,NA,NA,NA,NA,NA,NA,NA,NA,NA,NA,NA,NA,NA,NA,NA,NA,NA,NA,NA,NA,NA,NA,NA,NA,NA,NA,NA,NA,NA,NA,NA,NA,NA,NA,NA,NA,0.4353525856185071,0.5264281770655473,0.6518857608193778,0.7182683682042836,0.8888940064520442,0.789735651259777,0.7742380137203634,0.7406645417833229,0.9946753061926804,0.977907461234232,0.06795592402961527,0.8080074095172518,0.9868638997586144,0.9608048970142532,0.8876052889641974,0.932917881617922,0.19877777909420255,0.39360755444883394,0.9759285379487443,0.33824227746760555,0.8795500410945529,0.5769184695249928,0.8608215350384528,0.7175068132795114,0.4871992216387123,0.9826925474042832,0.6751533697941311,0.34355950903845145,0.690997349786002,0.7469959444503708
Notre Dame,NA,NA,NA,NA,NA,NA,NA,NA,NA,NA,NA,NA,NA,NA,NA,NA,NA,NA,NA,NA,NA,NA,NA,NA,NA,NA,NA,NA,NA,NA,NA,NA,NA,NA,NA,NA,NA,NA,0.618688120184691,0.7083500024062973,0.767800596684119,0.9120991001381756,0.8296823897089939,0.8470766672869904,0.7874245596573862,0.9958895604376544,0.9828796750005604,0.08639444497189346,0.84516341061002,0.9898412904863826,0.97614193927042,0.9073617401688968,0.9474716957840924,0.24344106059453513,0.4570739890145513,0.9813376345206202,0.3986503501064778,0.9044969992212478,0.6388050077879431,0.8891586149192404,0.7671295242680265,0.5520188260797427,0.9841762663036356,0.7294101449142852,0.4043369819244835,0.7436127454637563,0.8172279370159589
Ohio St,NA,NA,NA,NA,NA,NA,NA,NA,NA,NA,NA,NA,NA,NA,NA,NA,NA,NA,NA,NA,NA,NA,NA,NA,NA,NA,NA,NA,NA,NA,NA,NA,NA,NA,NA,NA,NA,NA,NA,0.5995043202699031,0.6708318690979386,0.864777996686436,0.7501465977321468,0.7552084424955304,0.6953998246907781,0.9933477305499796,0.9725147748224324,0.05507242129063715,0.7708604260992927,0.9836208209691826,0.9514448343724384,0.8766085747474178,0.91747024342552,0.1654961731640067,0.3416136605035578,0.970067590903808,0.2900635325105361,0.8537396006567017,0.5215360721553358,0.8317655047080016,0.6700009995865202,0.4316425456409487,0.9807979190362622,0.6242550156480853,0.2949609667871403,0.6412624393956102,0.7023922795014134
Oklahoma,NA,NA,NA,NA,NA,NA,NA,NA,NA,NA,NA,NA,NA,NA,NA,NA,NA,NA,NA,NA,NA,NA,NA,NA,NA,NA,NA,NA,NA,NA,NA,NA,NA,NA,NA,NA,NA,NA,NA,NA,0.5765312150219628,0.8010456960065618,0.6672990137413185,0.6951845046010662,0.6039824827856752,0.9900749866805868,0.9594115456363744,0.02893240040946054,0.6489411284058928,0.9756798508171708,0.929029811441392,0.8013025209169339,0.8813274305765326,0.11698572389530484,0.25740278971850783,0.9558506612480102,0.21442166446600733,0.7958957696526829,0.43558066513809984,0.7675969323012006,0.575612900372984,0.3365843482392238,0.9624175128705628,0.526038443349476,0.21843491374812912,0.5442458365068289,0.6119023205824491
Oklahoma St,NA,NA,NA,NA,NA,NA,NA,NA,NA,NA,NA,NA,NA,NA,NA,NA,NA,NA,NA,NA,NA,NA,NA,NA,NA,NA,NA,NA,NA,NA,NA,NA,NA,NA,NA,NA,NA,NA,NA,NA,NA,0.7583409145052525,0.5956673430671422,0.6261934530326608,0.5283538157366943,0.9865359000521786,0.9455398499899224,0.0278031467818707,0.6227474341983417,0.9671778764835364,0.9057942735323248,0.7476099002063117,0.845078547939362,0.08868166275817252,0.20293324803878995,0.9409424666030188,0.16700200894402978,0.7412139695269835,0.34847432242091847,0.7081140165774161,0.49905992545632494,0.2714847445044147,0.9495190956222108,0.3869281139961227,0.1703201478486258,0.39946976510664806,0.5366257606283745
Portland,NA,NA,NA,NA,NA,NA,NA,NA,NA,NA,NA,NA,NA,NA,NA,NA,NA,NA,NA,NA,NA,NA,NA,NA,NA,NA,NA,NA,NA,NA,NA,NA,NA,NA,NA,NA,NA,NA,NA,NA,NA,NA,0.3194804148027307,0.3480358463292824,0.2630709261008048,0.9589310885353431,0.8469246891713976,0.00734563101078789,0.31465301674818824,0.903756157993136,0.7539379247806487,0.4855790926832595,0.6348096132405399,0.03007734259188385,0.07504435986258388,0.8351904220474953,0.0600510555581799,0.4771865294243943,0.1608441857612695,0.4360120066610283,0.24097064213758057,0.10614782958624289,0.8570198735362587,0.2062128208824613,0.06140083600311348,0.21845251805292845,0.2695633417022031
Princeton,NA,NA,NA,NA,NA,NA,NA,NA,NA,NA,NA,NA,NA,NA,NA,NA,NA,NA,NA,NA,NA,NA,NA,NA,NA,NA,NA,NA,NA,NA,NA,NA,NA,NA,NA,NA,NA,NA,NA,NA,NA,NA,NA,0.5320750247615789,0.431948100242967,0.9802901177877714,0.921784409895789,0.01904254291957629,0.5284147812451919,0.952385621170622,0.867137963836745,0.6678464673119309,0.7873569787843652,0.06196116377414066,0.1473541073041601,0.915214167746172,0.11978478106175457,0.6603475377268427,0.2663547222602427,0.6696544998694797,0.4034273232252382,0.2412887321434408,0.9273660616418078,0.35623433831837575,0.12230250914104024,0.3731921515233667,0.44011915416347064
Purdue,NA,NA,NA,NA,NA,NA,NA,NA,NA,NA,NA,NA,NA,NA,NA,NA,NA,NA,NA,NA,NA,NA,NA,NA,NA,NA,NA,NA,NA,NA,NA,NA,NA,NA,NA,NA,NA,NA,NA,NA,NA,NA,NA,NA,0.40073972345537445,0.977648393495496,0.9120050297226788,0.01678520034718559,0.4963263638047891,0.946209070623682,0.8516258666252375,0.6972237337255832,0.7650539439676637,0.05490089817996276,0.13193213036039544,0.9046982349862358,0.10688648242266673,0.630966842071659,0.24201329084981732,0.5915365213888817,0.37292677184866285,0.1819750031185423,0.9430400871883152,0.3273439795170241,0.10916672755655876,0.3436606829517945,0.40874521422835497
S Dakota St,NA,NA,NA,NA,NA,NA,NA,NA,NA,NA,NA,NA,NA,NA,NA,NA,NA,NA,NA,NA,NA,NA,NA,NA,NA,NA,NA,NA,NA,NA,NA,NA,NA,NA,NA,NA,NA,NA,NA,NA,NA,NA,NA,NA,NA,0.9849414426490696,0.9393887980618784,0.02489334951870334,0.5957262652036118,0.96337609000299,0.8956495411735012,0.7255913069259543,0.8348064763919663,0.07992428557906621,0.16847844111509616,0.9341917796790036,0.1517987296374254,0.7315647556975565,0.3231595669230124,0.6841057040948068,0.486399836117651,0.2496200552869475,0.9437907655618276,0.42120257117565135,0.18788525399473155,0.4391433994944732,0.5083064492194838
Sacred Heart,NA,NA,NA,NA,NA,NA,NA,NA,NA,NA,NA,NA,NA,NA,NA,NA,NA,NA,NA,NA,NA,NA,NA,NA,NA,NA,NA,NA,NA,NA,NA,NA,NA,NA,NA,NA,NA,NA,NA,NA,NA,NA,NA,NA,NA,NA,0.1915629960036447,3.901527749912176e-4,0.02203273920679581,0.29814877603202816,0.11600259176676082,0.03885578762000466,0.06928907496173728,0.00119265527187213,0.00346271301163177,0.17833063175230493,0.00220925320658583,0.03761958298066464,0.00724677844392708,0.03204851951823228,0.01341424380450409,0.00506020387869791,0.2042708055478962,0.01100353215616068,0.00279386140220529,0.01182931095044464,0.01555942590972666
SE Louisiana,NA,NA,NA,NA,NA,NA,NA,NA,NA,NA,NA,NA,NA,NA,NA,NA,NA,NA,NA,NA,NA,NA,NA,NA,NA,NA,NA,NA,NA,NA,NA,NA,NA,NA,NA,NA,NA,NA,NA,NA,NA,NA,NA,NA,NA,NA,NA,0.0016444624792108,0.08682280236306134,0.6292481789772021,0.3564156359798556,0.1457437356465264,0.2390717341062886,0.00557359441649991,0.0144522406277234,0.47806091271853063,0.01141538556864199,0.14160789796895715,0.02988554751153599,0.12259903570599263,0.05426684016970365,0.02101274613011503,0.5200077394691164,0.04484813302301489,0.01168556236509965,0.0480903326197569,0.06253102276757756
South Carolina,NA,NA,NA,NA,NA,NA,NA,NA,NA,NA,NA,NA,NA,NA,NA,NA,NA,NA,NA,NA,NA,NA,NA,NA,NA,NA,NA,NA,NA,NA,NA,NA,NA,NA,NA,NA,NA,NA,NA,NA,NA,NA,NA,NA,NA,NA,NA,NA,0.98413772280348,0.9990304308682452,0.9970345018270106,0.9904376605040184,0.9947846519210968,0.7728667776533426,0.8990168193248566,0.9982048737023204,0.8751610818453412,0.9901139646168096,0.9628279114107132,0.9883490817783276,0.9720950310673095,0.9287276105975442,0.9984818895941292,0.9661083559579384,0.8777237503397506,0.9684250473637228,0.9759006289494369
South Florida,NA,NA,NA,NA,NA,NA,NA,NA,NA,NA,NA,NA,NA,NA,NA,NA,NA,NA,NA,NA,NA,NA,NA,NA,NA,NA,NA,NA,NA,NA,NA,NA,NA,NA,NA,NA,NA,NA,NA,NA,NA,NA,NA,NA,NA,NA,NA,NA,NA,0.9469521136927632,0.8534731135897664,0.6421433957989416,0.7676849880770087,0.05566837060810174,0.1336241900897939,0.9059576990663084,0.10829739990366054,0.6343818606279731,0.2945253959529358,0.5950822636186264,0.3763695549857574,0.1841727049156276,0.9193193190622614,0.33058779974372604,0.1106040170531222,0.34698278733415233,0.41230125100218806
Southern Univ,NA,NA,NA,NA,NA,NA,NA,NA,NA,NA,NA,NA,NA,NA,NA,NA,NA,NA,NA,NA,NA,NA,NA,NA,NA,NA,NA,NA,NA,NA,NA,NA,NA,NA,NA,NA,NA,NA,NA,NA,NA,NA,NA,NA,NA,NA,NA,NA,NA,NA,0.24602085477034533,0.0913406599757861,0.15620131460630693,0.00280301996012146,0.0085660894210809,0.3505083204415542,0.00518513797709693,0.08858854544746808,0.01782737471044246,0.07606610394804271,0.03270296281662629,0.01248847118355589,0.3896177827797862,0.02692040750517239,0.00691832201744464,0.02890578291703987,0.03781453335648704
Southern Utah,NA,NA,NA,NA,NA,NA,NA,NA,NA,NA,NA,NA,NA,NA,NA,NA,NA,NA,NA,NA,NA,NA,NA,NA,NA,NA,NA,NA,NA,NA,NA,NA,NA,NA,NA,NA,NA,NA,NA,NA,NA,NA,NA,NA,NA,NA,NA,NA,NA,NA,NA,0.2355153551430967,0.36197094260999824,0.01001931822609546,0.0257962190280607,0.6231976209171917,0.02042505074046219,0.22951647117589163,0.05269585042351868,0.20147686554332736,0.0938853453076746,0.03731130042969058,0.6617335913838469,0.07815861866745451,0.02090395727463184,0.08359816234245412,0.09851739284748016
St John's,NA,NA,NA,NA,NA,NA,NA,NA,NA,NA,NA,NA,NA,NA,NA,NA,NA,NA,NA,NA,NA,NA,NA,NA,NA,NA,NA,NA,NA,NA,NA,NA,NA,NA,NA,NA,NA,NA,NA,NA,NA,NA,NA,NA,NA,NA,NA,NA,NA,NA,NA,NA,0.6480790125838473,0.03180701555150907,0.07914895234998799,0.8429798146348183,0.06339178427836785,0.4915963778788112,0.15294883141480622,0.45024928110494034,0.2516812316409405,0.11174811112159948,0.877895340074817,0.21581777422622403,0.0648114773646009,0.22846348760892,0.28107419465980654
St Louis,NA,NA,NA,NA,NA,NA,NA,NA,NA,NA,NA,NA,NA,NA,NA,NA,NA,NA,NA,NA,NA,NA,NA,NA,NA,NA,NA,NA,NA,NA,NA,NA,NA,NA,NA,NA,NA,NA,NA,NA,NA,NA,NA,NA,NA,NA,NA,NA,NA,NA,NA,NA,NA,0.01752665256024165,0.0385483230818501,0.7445898237911237,0.03545005738439475,0.35034882949697144,0.0892958064157065,0.3078330722421035,0.15782561845008297,0.06394721032061138,0.7751894068639329,0.13001649219429567,0.04377658517761987,0.13852281513035858,0.17512303936804077
Stanford,NA,NA,NA,NA,NA,NA,NA,NA,NA,NA,NA,NA,NA,NA,NA,NA,NA,NA,NA,NA,NA,NA,NA,NA,NA,NA,NA,NA,NA,NA,NA,NA,NA,NA,NA,NA,NA,NA,NA,NA,NA,NA,NA,NA,NA,NA,NA,NA,NA,NA,NA,NA,NA,NA,0.7234776104667462,0.9939179521169428,0.6496476395448102,0.9671412631448456,0.8460677511083339,0.9614349692572612,0.9110139696172952,0.7929396010360777,0.9948530956475272,0.8933606270099111,0.67841103382547,0.9001360321177104,0.9224853870707932
Tennessee,NA,NA,NA,NA,NA,NA,NA,NA,NA,NA,NA,NA,NA,NA,NA,NA,NA,NA,NA,NA,NA,NA,NA,NA,NA,NA,NA,NA,NA,NA,NA,NA,NA,NA,NA,NA,NA,NA,NA,NA,NA,NA,NA,NA,NA,NA,NA,NA,NA,NA,NA,NA,NA,NA,NA,0.9842421824247504,0.4405416584259253,0.9307988337260577,0.6775005797995192,0.905021074029606,0.8237604108146132,0.5941043121424275,0.9866450314526746,0.7620152067018684,0.5331112730748423,0.7750342673436581,0.8197755043485001
Tennessee Tech,NA,NA,NA,NA,NA,NA,NA,NA,NA,NA,NA,NA,NA,NA,NA,NA,NA,NA,NA,NA,NA,NA,NA,NA,NA,NA,NA,NA,NA,NA,NA,NA,NA,NA,NA,NA,NA,NA,NA,NA,NA,NA,NA,NA,NA,NA,NA,NA,NA,NA,NA,NA,NA,NA,NA,NA,0.01245008677483853,0.1526215213460987,0.03253929664677351,0.13236220525495804,0.05895401009095748,0.02289721245502576,0.5418733053427037,0.03810304386397874,0.01274443694500978,0.04007721828508275,0.06788075839404702
Texas,NA,NA,NA,NA,NA,NA,NA,NA,NA,NA,NA,NA,NA,NA,NA,NA,NA,NA,NA,NA,NA,NA,NA,NA,NA,NA,NA,NA,NA,NA,NA,NA,NA,NA,NA,NA,NA,NA,NA,NA,NA,NA,NA,NA,NA,NA,NA,NA,NA,NA,NA,NA,NA,NA,NA,NA,NA,0.9345826863546638,0.7273607594955056,0.923668479371521,0.8324742313483852,0.6502009836707808,0.9894537835954506,0.8026157572651991,0.5059160666658725,0.8139560157743805,0.8524303594714643
Toledo,NA,NA,NA,NA,NA,NA,NA,NA,NA,NA,NA,NA,NA,NA,NA,NA,NA,NA,NA,NA,NA,NA,NA,NA,NA,NA,NA,NA,NA,NA,NA,NA,NA,NA,NA,NA,NA,NA,NA,NA,NA,NA,NA,NA,NA,NA,NA,NA,NA,NA,NA,NA,NA,NA,NA,NA,NA,NA,0.15735517701648666,0.4585836407862298,0.2578850686723812,0.11512882235962243,0.8678490253594414,0.2215615742607661,0.07824848232575886,0.2344432240670603,0.2879170818396296
UCLA,NA,NA,NA,NA,NA,NA,NA,NA,NA,NA,NA,NA,NA,NA,NA,NA,NA,NA,NA,NA,NA,NA,NA,NA,NA,NA,NA,NA,NA,NA,NA,NA,NA,NA,NA,NA,NA,NA,NA,NA,NA,NA,NA,NA,NA,NA,NA,NA,NA,NA,NA,NA,NA,NA,NA,NA,NA,NA,NA,0.8193565479699962,0.6506714528763102,0.4106327220210088,0.9723506096289252,0.6038303287886555,0.2773574175752539,0.6212012595931017,0.6840653759365176
UNLV,NA,NA,NA,NA,NA,NA,NA,NA,NA,NA,NA,NA,NA,NA,NA,NA,NA,NA,NA,NA,NA,NA,NA,NA,NA,NA,NA,NA,NA,NA,NA,NA,NA,NA,NA,NA,NA,NA,NA,NA,NA,NA,NA,NA,NA,NA,NA,NA,NA,NA,NA,NA,NA,NA,NA,NA,NA,NA,NA,NA,0.29110938056901725,0.13560895526656205,0.8857573801733849,0.25151595501739377,0.07801686716695325,0.26554507180629416,0.3231187521436003
USC,NA,NA,NA,NA,NA,NA,NA,NA,NA,NA,NA,NA,NA,NA,NA,NA,NA,NA,NA,NA,NA,NA,NA,NA,NA,NA,NA,NA,NA,NA,NA,NA,NA,NA,NA,NA,NA,NA,NA,NA,NA,NA,NA,NA,NA,NA,NA,NA,NA,NA,NA,NA,NA,NA,NA,NA,NA,NA,NA,NA,NA,0.27222909881580587,0.9496990322737666,0.4500320267544273,0.19632931843398596,0.4682074815265856,0.5375606621756439
Utah,NA,NA,NA,NA,NA,NA,NA,NA,NA,NA,NA,NA,NA,NA,NA,NA,NA,NA,NA,NA,NA,NA,NA,NA,NA,NA,NA,NA,NA,NA,NA,NA,NA,NA,NA,NA,NA,NA,NA,NA,NA,NA,NA,NA,NA,NA,NA,NA,NA,NA,NA,NA,NA,NA,NA,NA,NA,NA,NA,NA,NA,NA,0.980572807260864,0.6862834837576128,0.3552004078851511,0.7018243547858825,0.7565521180863212
Vermont,NA,NA,NA,NA,NA,NA,NA,NA,NA,NA,NA,NA,NA,NA,NA,NA,NA,NA,NA,NA,NA,NA,NA,NA,NA,NA,NA,NA,NA,NA,NA,NA,NA,NA,NA,NA,NA,NA,NA,NA,NA,NA,NA,NA,NA,NA,NA,NA,NA,NA,NA,NA,NA,NA,NA,NA,NA,NA,NA,NA,NA,NA,NA,0.0415403545794444,0.01079604655256029,0.04455457996869929,0.05799823421043158
Villanova,NA,NA,NA,NA,NA,NA,NA,NA,NA,NA,NA,NA,NA,NA,NA,NA,NA,NA,NA,NA,NA,NA,NA,NA,NA,NA,NA,NA,NA,NA,NA,NA,NA,NA,NA,NA,NA,NA,NA,NA,NA,NA,NA,NA,NA,NA,NA,NA,NA,NA,NA,NA,NA,NA,NA,NA,NA,NA,NA,NA,NA,NA,NA,NA,0.20116026426897457,0.5131390656779712,0.5868764262325011
Virginia Tech,NA,NA,NA,NA,NA,NA,NA,NA,NA,NA,NA,NA,NA,NA,NA,NA,NA,NA,NA,NA,NA,NA,NA,NA,NA,NA,NA,NA,NA,NA,NA,NA,NA,NA,NA,NA,NA,NA,NA,NA,NA,NA,NA,NA,NA,NA,NA,NA,NA,NA,NA,NA,NA,NA,NA,NA,NA,NA,NA,NA,NA,NA,NA,NA,NA,0.8103456743617643,0.849428528835038
Washington St,NA,NA,NA,NA,NA,NA,NA,NA,NA,NA,NA,NA,NA,NA,NA,NA,NA,NA,NA,NA,NA,NA,NA,NA,NA,NA,NA,NA,NA,NA,NA,NA,NA,NA,NA,NA,NA,NA,NA,NA,NA,NA,NA,NA,NA,NA,NA,NA,NA,NA,NA,NA,NA,NA,NA,NA,NA,NA,NA,NA,NA,NA,NA,NA,NA,NA,0.5690234836166768
