Season,Conf,mw,wins,losses,win_per
2003,a_sun,m,56,74,0.4307692307692308
2003,a_ten,m,74,64,0.5362318840579711
2003,acc,m,79,24,0.7669902912621359
2003,aec,m,38,57,0.4
2003,big_east,m,115,48,0.7055214723926381
2003,big_sky,m,43,52,0.45263157894736844
2003,big_south,m,32,62,0.3404255319148936
2003,big_ten,m,88,38,0.6984126984126984
2003,big_twelve,m,108,30,0.782608695652174
2003,big_west,m,33,52,0.38823529411764707
2003,caa,m,40,47,0.45977011494252873
2003,cusa,m,96,57,0.6274509803921569
2003,horizon,m,53,47,0.53
2003,ind,m,42,116,0.26582278481012656
2003,ivy,m,39,61,0.39
2003,maac,m,44,44,0.5
2003,mac,m,56,56,0.5
2003,meac,m,20,76,0.20833333333333334
2003,mid_cont,m,34,66,0.34
2003,mvc,m,45,50,0.47368421052631576
2003,mwc,m,75,32,0.7009345794392523
2003,nec,m,38,70,0.35185185185185186
2003,ovc,m,30,50,0.375
2003,pac_ten,m,65,30,0.6842105263157895
2003,patriot,m,38,53,0.4175824175824176
2003,sec,m,107,32,0.7697841726618705
2003,southern,m,39,63,0.38235294117647056
2003,southland,m,16,47,0.25396825396825395
2003,sun_belt,m,66,62,0.515625
2003,swac,m,17,73,0.18888888888888888
2003,wac,m,45,42,0.5172413793103449
2003,wcc,m,53,49,0.5196078431372549
2004,a_sun,m,22,42,0.34375
2004,a_ten,m,84,59,0.5874125874125874
2004,acc,m,90,16,0.8490566037735849
2004,aec,m,38,52,0.4222222222222222
2004,big_east,m,124,38,0.7654320987654321
2004,big_sky,m,32,59,0.3516483516483517
2004,big_south,m,24,60,0.2857142857142857
2004,big_ten,m,82,44,0.6507936507936508
2004,big_twelve,m,97,34,0.7404580152671756
2004,big_west,m,36,45,0.4444444444444444
2004,caa,m,47,44,0.5164835164835165
2004,cusa,m,100,49,0.6711409395973155
2004,horizon,m,44,51,0.4631578947368421
2004,ind,m,21,66,0.2413793103448276
2004,ivy,m,29,69,0.29591836734693877
2004,maac,m,41,53,0.43617021276595747
2004,mac,m,55,58,0.48672566371681414
2004,meac,m,14,85,0.1414141414141414
2004,mid_cont,m,34,60,0.3617021276595745
2004,mvc,m,56,37,0.6021505376344086
2004,mwc,m,65,34,0.6565656565656566
2004,nec,m,35,63,0.35714285714285715
2004,ovc,m,31,66,0.31958762886597936
2004,pac_ten,m,56,32,0.6363636363636364
2004,patriot,m,34,57,0.37362637362637363
2004,sec,m,113,22,0.837037037037037
2004,southern,m,44,62,0.41509433962264153
2004,southland,m,20,67,0.22988505747126436
2004,sun_belt,m,52,63,0.45217391304347826
2004,swac,m,17,69,0.19767441860465115
2004,wac,m,55,36,0.6043956043956044
2004,wcc,m,54,54,0.5
2005,a_sun,m,21,48,0.30434782608695654
2005,a_ten,m,54,79,0.40601503759398494
2005,acc,m,106,26,0.803030303030303
2005,aec,m,42,45,0.4827586206896552
2005,big_east,m,107,29,0.7867647058823529
2005,big_sky,m,30,61,0.32967032967032966
2005,big_south,m,29,57,0.3372093023255814
2005,big_ten,m,96,41,0.7007299270072993
2005,big_twelve,m,103,29,0.7803030303030303
2005,big_west,m,43,49,0.4673913043478261
2005,caa,m,50,47,0.5154639175257731
2005,cusa,m,108,58,0.6506024096385542
2005,horizon,m,32,52,0.38095238095238093
2005,ind,m,31,125,0.1987179487179487
2005,ivy,m,46,58,0.4423076923076923
2005,maac,m,31,60,0.34065934065934067
2005,mac,m,67,46,0.5929203539823009
2005,meac,m,27,79,0.25471698113207547
2005,mid_cont,m,30,62,0.32608695652173914
2005,mvc,m,71,30,0.7029702970297029
2005,mwc,m,59,42,0.5841584158415841
2005,nec,m,27,70,0.27835051546391754
2005,ovc,m,30,72,0.29411764705882354
2005,pac_ten,m,78,25,0.7572815533980582
2005,patriot,m,39,56,0.4105263157894737
2005,sec,m,107,40,0.7278911564625851
2005,southern,m,39,64,0.3786407766990291
2005,southland,m,26,60,0.3023255813953488
2005,sun_belt,m,59,63,0.48360655737704916
2005,swac,m,11,71,0.13414634146341464
2005,wac,m,54,42,0.5625
2005,wcc,m,70,37,0.6542056074766355
2006,a_sun,m,20,59,0.25316455696202533
2006,a_ten,m,91,73,0.5548780487804879
2006,acc,m,118,30,0.7972972972972973
2006,aec,m,30,67,0.30927835051546393
2006,big_east,m,148,43,0.774869109947644
2006,big_sky,m,47,46,0.5053763440860215
2006,big_south,m,29,49,0.3717948717948718
2006,big_ten,m,105,26,0.8015267175572519
2006,big_twelve,m,102,32,0.7611940298507462
2006,big_west,m,44,52,0.4583333333333333
2006,caa,m,67,49,0.5775862068965517
2006,cusa,m,75,69,0.5208333333333334
2006,horizon,m,46,51,0.4742268041237113
2006,ind,m,41,146,0.2192513368983957
2006,ivy,m,41,63,0.3942307692307692
2006,maac,m,45,46,0.4945054945054945
2006,mac,m,53,55,0.49074074074074076
2006,meac,m,18,96,0.15789473684210525
2006,mid_cont,m,24,69,0.25806451612903225
2006,mvc,m,66,27,0.7096774193548387
2006,mwc,m,63,40,0.6116504854368932
2006,nec,m,33,65,0.336734693877551
2006,ovc,m,23,49,0.3194444444444444
2006,pac_ten,m,71,31,0.696078431372549
2006,patriot,m,40,58,0.40816326530612246
2006,sec,m,113,36,0.7583892617449665
2006,southern,m,44,71,0.3826086956521739
2006,southland,m,33,62,0.3473684210526316
2006,sun_belt,m,59,67,0.46825396825396826
2006,swac,m,8,75,0.0963855421686747
2006,wac,m,57,49,0.5377358490566038
2006,wcc,m,49,52,0.48514851485148514
2007,a_sun,m,29,67,0.3020833333333333
2007,a_ten,m,98,83,0.5414364640883977
2007,acc,m,132,33,0.8
2007,aec,m,47,64,0.42342342342342343
2007,big_east,m,159,54,0.7464788732394366
2007,big_sky,m,32,66,0.32653061224489793
2007,big_south,m,29,65,0.30851063829787234
2007,big_ten,m,116,38,0.7532467532467533
2007,big_twelve,m,119,40,0.7484276729559748
2007,big_west,m,55,54,0.5045871559633027
2007,caa,m,66,69,0.4888888888888889
2007,cusa,m,81,64,0.5586206896551724
2007,horizon,m,55,58,0.48672566371681414
2007,ind,m,56,163,0.2557077625570776
2007,ivy,m,51,58,0.46788990825688076
2007,maac,m,46,68,0.40350877192982454
2007,mac,m,72,85,0.4585987261146497
2007,meac,m,25,93,0.211864406779661
2007,mid_cont,m,45,68,0.39823008849557523
2007,mvc,m,79,32,0.7117117117117117
2007,mwc,m,81,33,0.7105263157894737
2007,nec,m,34,80,0.2982456140350877
2007,ovc,m,23,68,0.25274725274725274
2007,pac_ten,m,90,26,0.7758620689655172
2007,patriot,m,51,59,0.4636363636363636
2007,sec,m,127,38,0.7696969696969697
2007,southern,m,41,63,0.3942307692307692
2007,southland,m,41,90,0.31297709923664124
2007,sun_belt,m,49,78,0.3858267716535433
2007,swac,m,13,83,0.13541666666666666
2007,wac,m,68,51,0.5714285714285714
2007,wcc,m,48,67,0.41739130434782606
2008,a_sun,m,46,107,0.3006535947712418
2008,a_ten,m,120,66,0.6451612903225806
2008,acc,m,128,38,0.7710843373493976
2008,aec,m,41,73,0.35964912280701755
2008,big_east,m,145,52,0.7360406091370558
2008,big_sky,m,35,65,0.35
2008,big_south,m,36,57,0.3870967741935484
2008,big_ten,m,94,42,0.6911764705882353
2008,big_twelve,m,124,40,0.7560975609756098
2008,big_west,m,54,59,0.4778761061946903
2008,caa,m,68,70,0.4927536231884058
2008,cusa,m,91,62,0.5947712418300654
2008,horizon,m,57,48,0.5428571428571428
2008,ind,m,40,166,0.1941747572815534
2008,ivy,m,44,68,0.39285714285714285
2008,maac,m,52,63,0.45217391304347826
2008,mac,m,73,84,0.46496815286624205
2008,meac,m,31,102,0.23308270676691728
2008,mvc,m,71,40,0.6396396396396397
2008,mwc,m,74,40,0.6491228070175439
2008,nec,m,50,72,0.4098360655737705
2008,ovc,m,20,68,0.22727272727272727
2008,pac_ten,m,95,24,0.7983193277310925
2008,patriot,m,62,55,0.5299145299145299
2008,sec,m,124,42,0.7469879518072289
2008,southern,m,34,55,0.38202247191011235
2008,southland,m,53,68,0.4380165289256198
2008,summit,m,35,62,0.36082474226804123
2008,sun_belt,m,61,65,0.48412698412698413
2008,swac,m,8,86,0.0851063829787234
2008,wac,m,56,65,0.4628099173553719
2008,wcc,m,51,69,0.425
2009,a_sun,m,30,66,0.3125
2009,a_ten,m,112,77,0.5925925925925926
2009,acc,m,135,27,0.8333333333333334
2009,aec,m,54,59,0.4778761061946903
2009,big_east,m,153,44,0.7766497461928934
2009,big_sky,m,38,71,0.3486238532110092
2009,big_south,m,23,62,0.27058823529411763
2009,big_ten,m,106,26,0.803030303030303
2009,big_twelve,m,133,37,0.7823529411764706
2009,big_west,m,47,65,0.41964285714285715
2009,caa,m,71,67,0.5144927536231884
2009,cusa,m,90,65,0.5806451612903226
2009,horizon,m,57,48,0.5428571428571428
2009,ind,m,60,168,0.2631578947368421
2009,ivy,m,40,68,0.37037037037037035
2009,maac,m,61,58,0.5126050420168067
2009,mac,m,60,99,0.37735849056603776
2009,meac,m,24,106,0.18461538461538463
2009,mvc,m,73,44,0.6239316239316239
2009,mwc,m,79,37,0.6810344827586207
2009,nec,m,45,81,0.35714285714285715
2009,ovc,m,35,79,0.30701754385964913
2009,pac_ten,m,92,29,0.7603305785123967
2009,patriot,m,49,67,0.4224137931034483
2009,sec,m,124,44,0.7380952380952381
2009,southern,m,33,66,0.3333333333333333
2009,southland,m,45,74,0.37815126050420167
2009,summit,m,32,73,0.3047619047619048
2009,sun_belt,m,62,75,0.45255474452554745
2009,swac,m,5,96,0.04950495049504951
2009,wac,m,71,50,0.5867768595041323
2009,wcc,m,52,63,0.45217391304347826
2010,a_sun,m,29,66,0.30526315789473685
2010,a_sun,w,33,59,0.358695652173913
2010,a_ten,m,118,71,0.6243386243386243
2010,a_ten,w,110,89,0.5527638190954773
2010,acc,m,134,31,0.8121212121212121
2010,acc,w,137,43,0.7611111111111111
2010,aec,m,46,71,0.39316239316239315
2010,aec,w,49,62,0.44144144144144143
2010,big_east,m,157,38,0.8051282051282052
2010,big_east,w,161,43,0.7892156862745098
2010,big_sky,m,39,60,0.3939393939393939
2010,big_sky,w,36,66,0.35294117647058826
2010,big_south,m,22,64,0.2558139534883721
2010,big_south,w,38,54,0.41304347826086957
2010,big_ten,m,97,39,0.7132352941176471
2010,big_ten,w,89,30,0.7478991596638656
2010,big_twelve,m,137,31,0.8154761904761905
2010,big_twelve,w,129,28,0.821656050955414
2010,big_west,m,46,65,0.4144144144144144
2010,big_west,w,39,73,0.3482142857142857
2010,caa,m,71,71,0.5
2010,caa,w,78,54,0.5909090909090909
2010,cusa,m,89,64,0.5816993464052288
2010,cusa,w,84,62,0.5753424657534246
2010,gwc,m,15,92,0.14018691588785046
2010,gwc,w,15,73,0.17045454545454544
2010,horizon,m,56,51,0.5233644859813084
2010,horizon,w,42,62,0.40384615384615385
2010,ind,m,37,107,0.2569444444444444
2010,ind,w,36,98,0.26865671641791045
2010,ivy,m,49,64,0.4336283185840708
2010,ivy,w,48,61,0.44036697247706424
2010,maac,m,62,55,0.5299145299145299
2010,maac,w,44,64,0.4074074074074074
2010,mac,m,75,80,0.4838709677419355
2010,mac,w,70,79,0.4697986577181208
2010,meac,m,26,101,0.2047244094488189
2010,meac,w,32,75,0.29906542056074764
2010,mvc,m,79,35,0.6929824561403509
2010,mvc,w,53,49,0.5196078431372549
2010,mwc,m,80,38,0.6779661016949152
2010,mwc,w,64,43,0.5981308411214953
2010,nec,m,38,102,0.2714285714285714
2010,nec,w,48,79,0.3779527559055118
2010,ovc,m,41,63,0.3942307692307692
2010,ovc,w,29,68,0.29896907216494845
2010,pac_ten,m,76,44,0.6333333333333333
2010,pac_ten,w,70,39,0.6422018348623854
2010,patriot,m,48,70,0.4067796610169492
2010,patriot,w,42,58,0.42
2010,sec,m,123,47,0.7235294117647059
2010,sec,w,114,38,0.75
2010,southern,m,49,77,0.3888888888888889
2010,southern,w,34,53,0.39080459770114945
2010,southland,m,44,75,0.3697478991596639
2010,southland,w,51,77,0.3984375
2010,summit,m,34,61,0.35789473684210527
2010,summit,w,24,73,0.24742268041237114
2010,sun_belt,m,49,79,0.3828125
2010,sun_belt,w,65,69,0.48507462686567165
2010,swac,m,7,87,0.07446808510638298
2010,swac,w,18,71,0.20224719101123595
2010,wac,m,73,49,0.5983606557377049
2010,wac,w,59,52,0.5315315315315315
2010,wcc,m,58,56,0.5087719298245614
2010,wcc,w,59,56,0.5130434782608696
2011,a_sun,m,38,68,0.3584905660377358
2011,a_sun,w,36,62,0.3673469387755102
2011,a_ten,m,112,79,0.5863874345549738
2011,a_ten,w,116,86,0.5742574257425742
2011,acc,m,122,49,0.7134502923976608
2011,acc,w,137,44,0.7569060773480663
2011,aec,m,43,75,0.3644067796610169
2011,aec,w,34,78,0.30357142857142855
2011,big_east,m,159,41,0.795
2011,big_east,w,156,54,0.7428571428571429
2011,big_sky,m,37,63,0.37
2011,big_sky,w,38,69,0.35514018691588783
2011,big_south,m,30,62,0.32608695652173914
2011,big_south,w,36,59,0.37894736842105264
2011,big_ten,m,104,29,0.7819548872180451
2011,big_ten,w,93,43,0.6838235294117647
2011,big_twelve,m,136,33,0.8047337278106509
2011,big_twelve,w,130,31,0.8074534161490683
2011,big_west,m,38,70,0.35185185185185186
2011,big_west,w,46,71,0.39316239316239315
2011,caa,m,82,58,0.5857142857142857
2011,caa,w,72,58,0.5538461538461539
2011,cusa,m,101,46,0.6870748299319728
2011,cusa,w,83,62,0.5724137931034483
2011,gwc,m,19,81,0.19
2011,gwc,w,27,74,0.26732673267326734
2011,horizon,m,62,50,0.5535714285714286
2011,horizon,w,52,55,0.48598130841121495
2011,ind,m,45,106,0.2980132450331126
2011,ind,w,48,97,0.3310344827586207
2011,ivy,m,54,54,0.5
2011,ivy,w,39,70,0.3577981651376147
2011,maac,m,54,65,0.453781512605042
2011,maac,w,36,70,0.33962264150943394
2011,mac,m,63,95,0.3987341772151899
2011,mac,w,84,67,0.5562913907284768
2011,meac,m,30,96,0.23809523809523808
2011,meac,w,47,76,0.3821138211382114
2011,mvc,m,68,48,0.5862068965517241
2011,mvc,w,62,49,0.5585585585585585
2011,mwc,m,86,33,0.7226890756302521
2011,mwc,w,58,54,0.5178571428571429
2011,nec,m,52,83,0.3851851851851852
2011,nec,w,62,69,0.4732824427480916
2011,ovc,m,36,65,0.3564356435643564
2011,ovc,w,35,64,0.35353535353535354
2011,pac_ten,m,81,40,0.6694214876033058
2011,pac_ten,w,73,33,0.6886792452830188
2011,patriot,m,47,71,0.3983050847457627
2011,patriot,w,49,58,0.45794392523364486
2011,sec,m,118,51,0.6982248520710059
2011,sec,w,114,39,0.7450980392156863
2011,southern,m,45,82,0.3543307086614173
2011,southern,w,39,49,0.4431818181818182
2011,southland,m,37,79,0.31896551724137934
2011,southland,w,45,86,0.3435114503816794
2011,summit,m,39,62,0.38613861386138615
2011,summit,w,30,63,0.3225806451612903
2011,sun_belt,m,52,88,0.37142857142857144
2011,sun_belt,w,55,83,0.39855072463768115
2011,swac,m,8,96,0.07692307692307693
2011,swac,w,15,79,0.1595744680851064
2011,wac,m,69,49,0.5847457627118644
2011,wac,w,57,55,0.5089285714285714
2011,wcc,m,59,59,0.5
2011,wcc,w,58,55,0.5132743362831859
2012,a_sun,m,43,68,0.38738738738738737
2012,a_sun,w,32,75,0.29906542056074764
2012,a_ten,m,120,74,0.6185567010309279
2012,a_ten,w,103,90,0.533678756476684
2012,acc,m,118,53,0.6900584795321637
2012,acc,w,106,48,0.6883116883116883
2012,aec,m,37,80,0.3162393162393162
2012,aec,w,51,63,0.4473684210526316
2012,big_east,m,153,47,0.765
2012,big_east,w,156,54,0.7428571428571429
2012,big_sky,m,33,65,0.336734693877551
2012,big_sky,w,43,59,0.4215686274509804
2012,big_south,m,33,72,0.3142857142857143
2012,big_south,w,34,54,0.38636363636363635
2012,big_ten,m,123,29,0.8092105263157895
2012,big_ten,w,102,50,0.6710526315789473
2012,big_twelve,m,97,26,0.7886178861788617
2012,big_twelve,w,97,16,0.8584070796460177
2012,big_west,m,37,65,0.3627450980392157
2012,big_west,w,49,66,0.4260869565217391
2012,caa,m,71,76,0.48299319727891155
2012,caa,w,75,54,0.5813953488372093
2012,cusa,m,92,60,0.6052631578947368
2012,cusa,w,78,63,0.5531914893617021
2012,gwc,m,23,75,0.23469387755102042
2012,gwc,w,25,74,0.25252525252525254
2012,horizon,m,52,55,0.48598130841121495
2012,horizon,w,50,53,0.4854368932038835
2012,ind,m,27,60,0.3103448275862069
2012,ind,w,29,53,0.35365853658536583
2012,ivy,m,57,59,0.49137931034482757
2012,ivy,w,46,61,0.42990654205607476
2012,maac,m,54,66,0.45
2012,maac,w,45,64,0.41284403669724773
2012,mac,m,71,84,0.45806451612903226
2012,mac,w,72,77,0.48322147651006714
2012,meac,m,36,119,0.23225806451612904
2012,meac,w,47,92,0.3381294964028777
2012,mvc,m,71,44,0.6173913043478261
2012,mvc,w,58,52,0.5272727272727272
2012,mwc,m,88,27,0.7652173913043478
2012,mwc,w,50,60,0.45454545454545453
2012,nec,m,50,89,0.3597122302158273
2012,nec,w,64,69,0.48120300751879697
2012,ovc,m,53,76,0.4108527131782946
2012,ovc,w,42,89,0.32061068702290074
2012,pac_twelve,m,84,58,0.5915492957746479
2012,pac_twelve,w,96,36,0.7272727272727273
2012,patriot,m,54,62,0.46551724137931033
2012,patriot,w,45,67,0.4017857142857143
2012,sec,m,127,46,0.7341040462427746
2012,sec,w,117,33,0.78
2012,southern,m,39,79,0.3305084745762712
2012,southern,w,41,49,0.45555555555555555
2012,southland,m,47,90,0.34306569343065696
2012,southland,w,47,74,0.3884297520661157
2012,summit,m,55,50,0.5238095238095238
2012,summit,w,35,57,0.3804347826086957
2012,sun_belt,m,58,86,0.4027777777777778
2012,sun_belt,w,61,78,0.43884892086330934
2012,swac,m,7,96,0.06796116504854369
2012,swac,w,17,70,0.19540229885057472
2012,wac,m,67,54,0.5537190082644629
2012,wac,w,44,71,0.3826086956521739
2012,wcc,m,60,47,0.5607476635514018
2012,wcc,w,63,49,0.5625
2013,a_sun,m,32,77,0.29357798165137616
2013,a_sun,w,38,64,0.37254901960784315
2013,a_ten,m,144,76,0.6545454545454545
2013,a_ten,w,120,111,0.5194805194805194
2013,acc,m,114,37,0.7549668874172185
2013,acc,w,93,38,0.7099236641221374
2013,aec,m,50,63,0.4424778761061947
2013,aec,w,48,64,0.42857142857142855
2013,big_east,m,151,34,0.8162162162162162
2013,big_east,w,138,56,0.711340206185567
2013,big_sky,m,20,68,0.22727272727272727
2013,big_sky,w,38,51,0.42696629213483145
2013,big_south,m,32,102,0.23880597014925373
2013,big_south,w,39,57,0.40625
2013,big_ten,m,121,31,0.7960526315789473
2013,big_ten,w,117,38,0.7548387096774194
2013,big_twelve,m,88,32,0.7333333333333333
2013,big_twelve,w,89,22,0.8018018018018018
2013,big_west,m,41,66,0.38317757009345793
2013,big_west,w,57,59,0.49137931034482757
2013,caa,m,48,83,0.366412213740458
2013,caa,w,63,60,0.5121951219512195
2013,cusa,m,94,63,0.5987261146496815
2013,cusa,w,92,59,0.609271523178808
2013,gwc,m,28,61,0.3146067415730337
2013,gwc,w,20,70,0.2222222222222222
2013,horizon,m,61,54,0.5304347826086957
2013,horizon,w,50,53,0.4854368932038835
2013,ind,m,14,34,0.2916666666666667
2013,ind,w,12,38,0.24
2013,ivy,m,41,71,0.36607142857142855
2013,ivy,w,47,63,0.42727272727272725
2013,maac,m,57,64,0.47107438016528924
2013,maac,w,41,68,0.3761467889908257
2013,mac,m,68,86,0.44155844155844154
2013,mac,w,65,87,0.4276315789473684
2013,meac,m,40,124,0.24390243902439024
2013,meac,w,44,100,0.3055555555555556
2013,mvc,m,75,45,0.625
2013,mvc,w,59,54,0.5221238938053098
2013,mwc,m,87,26,0.7699115044247787
2013,mwc,w,48,61,0.44036697247706424
2013,nec,m,55,85,0.39285714285714285
2013,nec,w,51,80,0.3893129770992366
2013,ovc,m,62,80,0.43661971830985913
2013,ovc,w,56,85,0.3971631205673759
2013,pac_twelve,m,109,41,0.7266666666666667
2013,pac_twelve,w,87,46,0.6541353383458647
2013,patriot,m,57,63,0.475
2013,patriot,w,62,56,0.5254237288135594
2013,sec,m,117,58,0.6685714285714286
2013,sec,w,138,39,0.7796610169491526
2013,southern,m,37,89,0.29365079365079366
2013,southern,w,38,57,0.4
2013,southland,m,26,70,0.2708333333333333
2013,southland,w,37,55,0.40217391304347827
2013,summit,m,42,69,0.3783783783783784
2013,summit,w,40,56,0.4166666666666667
2013,sun_belt,m,47,54,0.46534653465346537
2013,sun_belt,w,48,45,0.5161290322580645
2013,swac,m,12,94,0.11320754716981132
2013,swac,w,14,82,0.14583333333333334
2013,wac,m,57,54,0.5135135135135135
2013,wac,w,39,64,0.3786407766990291
2013,wcc,m,72,45,0.6153846153846154
2013,wcc,w,60,50,0.5454545454545454
2014,a_sun,m,38,71,0.3486238532110092
2014,a_sun,w,43,66,0.3944954128440367
2014,a_ten,m,128,53,0.7071823204419889
2014,a_ten,w,97,69,0.5843373493975904
2014,aac,m,88,35,0.7154471544715447
2014,aac,w,78,36,0.6842105263157895
2014,acc,m,138,53,0.7225130890052356
2014,acc,w,154,46,0.77
2014,aec,m,32,80,0.2857142857142857
2014,aec,w,39,73,0.3482142857142857
2014,big_east,m,95,31,0.753968253968254
2014,big_east,w,69,43,0.6160714285714286
2014,big_sky,m,23,62,0.27058823529411763
2014,big_sky,w,37,48,0.43529411764705883
2014,big_south,m,38,94,0.2878787878787879
2014,big_south,w,26,55,0.32098765432098764
2014,big_ten,m,121,32,0.7908496732026143
2014,big_ten,w,115,41,0.7371794871794872
2014,big_twelve,m,99,26,0.792
2014,big_twelve,w,89,28,0.7606837606837606
2014,big_west,m,44,69,0.3893805309734513
2014,big_west,w,46,69,0.4
2014,caa,m,54,70,0.43548387096774194
2014,caa,w,51,63,0.4473684210526316
2014,cusa,m,106,97,0.5221674876847291
2014,cusa,w,120,77,0.6091370558375635
2014,horizon,m,51,60,0.4594594594594595
2014,horizon,w,44,64,0.4074074074074074
2014,ind,m,9,16,0.36
2014,ind,w,7,21,0.25
2014,ivy,m,53,56,0.48623853211009177
2014,ivy,w,55,56,0.4954954954954955
2014,maac,m,48,61,0.44036697247706424
2014,maac,w,41,62,0.39805825242718446
2014,mac,m,72,59,0.549618320610687
2014,mac,w,61,66,0.48031496062992124
2014,meac,m,30,125,0.1935483870967742
2014,meac,w,50,93,0.34965034965034963
2014,mvc,m,64,49,0.5663716814159292
2014,mvc,w,43,65,0.39814814814814814
2014,mwc,m,76,46,0.6229508196721312
2014,mwc,w,46,62,0.42592592592592593
2014,nec,m,45,88,0.3383458646616541
2014,nec,w,38,72,0.34545454545454546
2014,ovc,m,53,95,0.3581081081081081
2014,ovc,w,48,96,0.3333333333333333
2014,pac_twelve,m,115,32,0.782312925170068
2014,pac_twelve,w,93,44,0.6788321167883211
2014,patriot,m,48,62,0.43636363636363634
2014,patriot,w,60,50,0.5454545454545454
2014,sec,m,123,52,0.7028571428571428
2014,sec,w,148,34,0.8131868131868132
2014,southern,m,34,91,0.272
2014,southern,w,34,67,0.33663366336633666
2014,southland,m,33,92,0.264
2014,southland,w,42,88,0.3230769230769231
2014,summit,m,44,59,0.42718446601941745
2014,summit,w,43,62,0.4095238095238095
2014,sun_belt,m,40,61,0.39603960396039606
2014,sun_belt,w,37,67,0.3557692307692308
2014,swac,m,14,82,0.14583333333333334
2014,swac,w,15,78,0.16129032258064516
2014,wac,m,43,70,0.3805309734513274
2014,wac,w,35,67,0.3431372549019608
2014,wcc,m,71,41,0.6339285714285714
2014,wcc,w,65,41,0.6132075471698113
2015,a_sun,m,38,69,0.35514018691588783
2015,a_sun,w,60,45,0.5714285714285714
2015,a_ten,m,99,64,0.6073619631901841
2015,a_ten,w,107,69,0.6079545454545454
2015,aac,m,80,49,0.6201550387596899
2015,aac,w,69,56,0.552
2015,acc,m,146,45,0.7643979057591623
2015,acc,w,153,47,0.765
2015,aec,m,36,76,0.32142857142857145
2015,aec,w,50,63,0.4424778761061947
2015,big_east,m,93,30,0.7560975609756098
2015,big_east,w,61,52,0.5398230088495575
2015,big_sky,m,36,80,0.3103448275862069
2015,big_sky,w,47,64,0.42342342342342343
2015,big_south,m,34,65,0.3434343434343434
2015,big_south,w,23,58,0.2839506172839506
2015,big_ten,m,134,44,0.7528089887640449
2015,big_ten,w,115,41,0.7371794871794872
2015,big_twelve,m,103,22,0.824
2015,big_twelve,w,93,21,0.8157894736842105
2015,big_west,m,51,61,0.45535714285714285
2015,big_west,w,54,61,0.46956521739130436
2015,caa,m,52,63,0.45217391304347826
2015,caa,w,50,57,0.4672897196261682
2015,cusa,m,72,79,0.4768211920529801
2015,cusa,w,73,76,0.4899328859060403
2015,horizon,m,48,63,0.43243243243243246
2015,horizon,w,55,48,0.5339805825242718
2015,ind,m,14,11,0.56
2015,ind,w,10,17,0.37037037037037035
2015,ivy,m,56,57,0.49557522123893805
2015,ivy,w,67,45,0.5982142857142857
2015,maac,m,44,65,0.4036697247706422
2015,maac,w,37,65,0.3627450980392157
2015,mac,m,80,50,0.6153846153846154
2015,mac,w,64,59,0.5203252032520326
2015,meac,m,36,131,0.2155688622754491
2015,meac,w,27,114,0.19148936170212766
2015,mvc,m,63,48,0.5675675675675675
2015,mvc,w,43,65,0.39814814814814814
2015,mwc,m,70,51,0.5785123966942148
2015,mwc,w,42,68,0.38181818181818183
2015,nec,m,37,75,0.33035714285714285
2015,nec,w,31,78,0.28440366972477066
2015,ovc,m,56,84,0.4
2015,ovc,w,47,95,0.33098591549295775
2015,pac_twelve,m,105,41,0.7191780821917808
2015,pac_twelve,w,95,39,0.7089552238805971
2015,patriot,m,47,60,0.4392523364485981
2015,patriot,w,49,58,0.45794392523364486
2015,sec,m,121,51,0.7034883720930233
2015,sec,w,144,40,0.782608695652174
2015,southern,m,35,63,0.35714285714285715
2015,southern,w,55,58,0.48672566371681414
2015,southland,m,31,78,0.28440366972477066
2015,southland,w,27,77,0.25961538461538464
2015,summit,m,46,60,0.4339622641509434
2015,summit,w,44,60,0.4230769230769231
2015,sun_belt,m,37,51,0.42045454545454547
2015,sun_belt,w,41,44,0.4823529411764706
2015,swac,m,12,98,0.10909090909090909
2015,swac,w,13,82,0.1368421052631579
2015,wac,m,32,79,0.2882882882882883
2015,wac,w,34,68,0.3333333333333333
2015,wcc,m,62,43,0.5904761904761905
2015,wcc,w,55,45,0.55
2016,a_sun,m,34,75,0.3119266055045872
2016,a_sun,w,38,66,0.36538461538461536
2016,a_ten,m,109,57,0.6566265060240963
2016,a_ten,w,103,72,0.5885714285714285
2016,aac,m,89,48,0.6496350364963503
2016,aac,w,64,59,0.5203252032520326
2016,acc,m,145,42,0.7754010695187166
2016,acc,w,148,52,0.74
2016,aec,m,47,70,0.4017094017094017
2016,aec,w,53,59,0.4732142857142857
2016,big_east,m,95,30,0.76
2016,big_east,w,70,41,0.6306306306306306
2016,big_sky,m,35,79,0.30701754385964913
2016,big_sky,w,49,68,0.4188034188034188
2016,big_south,m,32,64,0.3333333333333333
2016,big_south,w,25,55,0.3125
2016,big_ten,m,128,49,0.7231638418079096
2016,big_ten,w,116,42,0.7341772151898734
2016,big_twelve,m,103,23,0.8174603174603174
2016,big_twelve,w,94,20,0.8245614035087719
2016,big_west,m,49,60,0.44954128440366975
2016,big_west,w,46,74,0.38333333333333336
2016,caa,m,63,43,0.5943396226415094
2016,caa,w,56,52,0.5185185185185185
2016,cusa,m,66,93,0.41509433962264153
2016,cusa,w,75,68,0.5244755244755245
2016,horizon,m,45,61,0.42452830188679247
2016,horizon,w,59,41,0.59
2016,ivy,m,52,55,0.48598130841121495
2016,ivy,w,67,45,0.5982142857142857
2016,maac,m,46,64,0.41818181818181815
2016,maac,w,35,68,0.33980582524271846
2016,mac,m,79,54,0.5939849624060151
2016,mac,w,70,52,0.5737704918032787
2016,meac,m,28,130,0.17721518987341772
2016,meac,w,26,114,0.18571428571428572
2016,mvc,m,58,58,0.5
2016,mvc,w,40,68,0.37037037037037035
2016,mwc,m,65,53,0.5508474576271186
2016,mwc,w,42,65,0.3925233644859813
2016,nec,m,30,83,0.26548672566371684
2016,nec,w,26,84,0.23636363636363636
2016,ovc,m,56,88,0.3888888888888889
2016,ovc,w,45,91,0.33088235294117646
2016,pac_twelve,m,111,33,0.7708333333333334
2016,pac_twelve,w,106,27,0.7969924812030075
2016,patriot,m,39,70,0.3577981651376147
2016,patriot,w,37,67,0.3557692307692308
2016,sec,m,117,59,0.6647727272727273
2016,sec,w,143,38,0.7900552486187845
2016,southern,m,44,60,0.4230769230769231
2016,southern,w,44,56,0.44
2016,southland,m,24,89,0.21238938053097345
2016,southland,w,30,73,0.2912621359223301
2016,summit,m,60,49,0.5504587155963303
2016,summit,w,44,58,0.43137254901960786
2016,sun_belt,m,41,54,0.43157894736842106
2016,sun_belt,w,38,50,0.4318181818181818
2016,swac,m,17,92,0.1559633027522936
2016,swac,w,13,69,0.15853658536585366
2016,wac,m,39,65,0.375
2016,wac,w,37,67,0.3557692307692308
2016,wcc,m,54,50,0.5192307692307693
2016,wcc,w,62,40,0.6078431372549019
2017,a_sun,m,43,65,0.39814814814814814
2017,a_sun,w,41,63,0.3942307692307692
2017,a_ten,m,104,66,0.611764705882353
2017,a_ten,w,85,90,0.4857142857142857
2017,aac,m,85,50,0.6296296296296297
2017,aac,w,96,45,0.6808510638297872
2017,acc,m,153,36,0.8095238095238095
2017,acc,w,160,37,0.8121827411167513
2017,aec,m,54,64,0.4576271186440678
2017,aec,w,48,63,0.43243243243243246
2017,big_east,m,97,29,0.7698412698412699
2017,big_east,w,70,39,0.6422018348623854
2017,big_sky,m,32,88,0.26666666666666666
2017,big_sky,w,47,68,0.40869565217391307
2017,big_south,m,32,62,0.3404255319148936
2017,big_south,w,25,68,0.26881720430107525
2017,big_ten,m,134,43,0.7570621468926554
2017,big_ten,w,118,65,0.644808743169399
2017,big_twelve,m,99,26,0.792
2017,big_twelve,w,90,24,0.7894736842105263
2017,big_west,m,31,77,0.28703703703703703
2017,big_west,w,43,70,0.3805309734513274
2017,caa,m,59,55,0.5175438596491229
2017,caa,w,64,46,0.5818181818181818
2017,cusa,m,66,89,0.4258064516129032
2017,cusa,w,70,77,0.47619047619047616
2017,horizon,m,51,60,0.4594594594594595
2017,horizon,w,44,55,0.4444444444444444
2017,ivy,m,44,57,0.43564356435643564
2017,ivy,w,65,37,0.6372549019607843
2017,maac,m,55,62,0.4700854700854701
2017,maac,w,39,62,0.38613861386138615
2017,mac,m,71,62,0.5338345864661654
2017,mac,w,78,51,0.6046511627906976
2017,meac,m,16,140,0.10256410256410256
2017,meac,w,26,118,0.18055555555555555
2017,mvc,m,59,53,0.5267857142857143
2017,mvc,w,42,62,0.40384615384615385
2017,mwc,m,73,48,0.6033057851239669
2017,mwc,w,55,53,0.5092592592592593
2017,nec,m,28,87,0.24347826086956523
2017,nec,w,23,84,0.21495327102803738
2017,ovc,m,55,89,0.3819444444444444
2017,ovc,w,51,84,0.37777777777777777
2017,pac_twelve,m,102,42,0.7083333333333334
2017,pac_twelve,w,117,21,0.8478260869565217
2017,patriot,m,44,68,0.39285714285714285
2017,patriot,w,41,67,0.37962962962962965
2017,sec,m,119,55,0.6839080459770115
2017,sec,w,144,40,0.782608695652174
2017,southern,m,47,57,0.4519230769230769
2017,southern,w,49,56,0.4666666666666667
2017,southland,m,33,79,0.29464285714285715
2017,southland,w,26,79,0.24761904761904763
2017,summit,m,47,59,0.44339622641509435
2017,summit,w,50,52,0.49019607843137253
2017,sun_belt,m,67,63,0.5153846153846153
2017,sun_belt,w,46,69,0.4
2017,swac,m,12,98,0.10909090909090909
2017,swac,w,17,74,0.18681318681318682
2017,wac,m,48,58,0.4528301886792453
2017,wac,w,32,70,0.3137254901960784
2017,wcc,m,71,44,0.6173913043478261
2017,wcc,w,46,59,0.4380952380952381
2018,a_sun,m,30,75,0.2857142857142857
2018,a_sun,w,39,64,0.3786407766990291
2018,a_ten,m,90,82,0.5232558139534884
2018,a_ten,w,84,91,0.48
2018,aac,m,103,45,0.6959459459459459
2018,aac,w,96,61,0.6114649681528662
2018,acc,m,150,39,0.7936507936507936
2018,acc,w,152,45,0.7715736040609137
2018,aec,m,51,65,0.4396551724137931
2018,aec,w,51,58,0.46788990825688076
2018,big_east,m,101,23,0.8145161290322581
2018,big_east,w,72,39,0.6486486486486487
2018,big_sky,m,49,72,0.4049586776859504
2018,big_sky,w,47,71,0.3983050847457627
2018,big_south,m,32,63,0.3368421052631579
2018,big_south,w,33,63,0.34375
2018,big_ten,m,131,45,0.7443181818181818
2018,big_ten,w,135,52,0.7219251336898396
2018,big_twelve,m,105,22,0.8267716535433071
2018,big_twelve,w,83,28,0.7477477477477478
2018,big_west,m,42,67,0.3853211009174312
2018,big_west,w,46,68,0.40350877192982454
2018,caa,m,52,56,0.48148148148148145
2018,caa,w,60,48,0.5555555555555556
2018,cusa,m,71,79,0.47333333333333333
2018,cusa,w,84,81,0.509090909090909
2018,horizon,m,35,74,0.3211009174311927
2018,horizon,w,55,48,0.5339805825242718
2018,ivy,m,42,64,0.39622641509433965
2018,ivy,w,62,42,0.5961538461538461
2018,maac,m,55,78,0.41353383458646614
2018,maac,w,34,88,0.2786885245901639
2018,mac,m,75,58,0.5639097744360902
2018,mac,w,82,44,0.6507936507936508
2018,meac,m,23,145,0.13690476190476192
2018,meac,w,38,109,0.2585034013605442
2018,mvc,m,68,44,0.6071428571428571
2018,mvc,w,34,67,0.33663366336633666
2018,mwc,m,76,51,0.5984251968503937
2018,mwc,w,51,61,0.45535714285714285
2018,nec,m,37,74,0.3333333333333333
2018,nec,w,34,73,0.3177570093457944
2018,ovc,m,53,73,0.42063492063492064
2018,ovc,w,41,77,0.3474576271186441
2018,pac_twelve,m,104,44,0.7027027027027027
2018,pac_twelve,w,97,39,0.7132352941176471
2018,patriot,m,39,68,0.3644859813084112
2018,patriot,w,53,52,0.5047619047619047
2018,sec,m,132,44,0.75
2018,sec,w,137,45,0.7527472527472527
2018,southern,m,45,59,0.4326923076923077
2018,southern,w,51,54,0.4857142857142857
2018,southland,m,30,82,0.26785714285714285
2018,southland,w,22,78,0.22
2018,summit,m,45,55,0.45
2018,summit,w,52,43,0.5473684210526316
2018,sun_belt,m,58,71,0.4496124031007752
2018,sun_belt,w,45,76,0.371900826446281
2018,swac,m,8,113,0.06611570247933884
2018,swac,w,15,76,0.16483516483516483
2018,wac,m,50,61,0.45045045045045046
2018,wac,w,30,73,0.2912621359223301
2018,wcc,m,62,53,0.5391304347826087
2018,wcc,w,51,52,0.49514563106796117
2019,a_sun,m,41,73,0.35964912280701755
2019,a_sun,w,33,65,0.336734693877551
2019,a_ten,m,94,84,0.5280898876404494
2019,a_ten,w,75,106,0.4143646408839779
2019,aac,m,107,43,0.7133333333333334
2019,aac,w,93,65,0.5886075949367089
2019,acc,m,149,41,0.7842105263157895
2019,acc,w,158,41,0.7939698492462312
2019,aec,m,44,74,0.3728813559322034
2019,aec,w,42,66,0.3888888888888889
2019,big_east,m,94,32,0.746031746031746
2019,big_east,w,80,32,0.7142857142857143
2019,big_sky,m,29,63,0.31521739130434784
2019,big_sky,w,39,54,0.41935483870967744
2019,big_south,m,43,77,0.35833333333333334
2019,big_south,w,34,71,0.3238095238095238
2019,big_ten,m,120,32,0.7894736842105263
2019,big_ten,w,118,39,0.7515923566878981
2019,big_twelve,m,100,30,0.7692307692307693
2019,big_twelve,w,90,23,0.7964601769911505
2019,big_west,m,45,71,0.3879310344827586
2019,big_west,w,46,65,0.4144144144144144
2019,caa,m,52,64,0.4482758620689655
2019,caa,w,61,46,0.5700934579439252
2019,cusa,m,76,73,0.5100671140939598
2019,cusa,w,85,81,0.5120481927710844
2019,horizon,m,41,72,0.36283185840707965
2019,horizon,w,32,66,0.32653061224489793
2019,ivy,m,58,46,0.5576923076923077
2019,ivy,w,57,49,0.5377358490566038
2019,maac,m,41,92,0.3082706766917293
2019,maac,w,42,81,0.34146341463414637
2019,mac,m,84,49,0.631578947368421
2019,mac,w,87,41,0.6796875
2019,meac,m,21,128,0.14093959731543623
2019,meac,w,28,103,0.21374045801526717
2019,mvc,m,58,57,0.5043478260869565
2019,mvc,w,56,52,0.5185185185185185
2019,mwc,m,65,64,0.5038759689922481
2019,mwc,w,49,58,0.45794392523364486
2019,nec,m,33,73,0.3113207547169811
2019,nec,w,26,78,0.25
2019,ovc,m,51,75,0.40476190476190477
2019,ovc,w,46,70,0.39655172413793105
2019,pac_twelve,m,92,58,0.6133333333333333
2019,pac_twelve,w,108,27,0.8
2019,patriot,m,54,63,0.46153846153846156
2019,patriot,w,50,55,0.47619047619047616
2019,sec,m,128,49,0.7231638418079096
2019,sec,w,129,55,0.7010869565217391
2019,southern,m,54,47,0.5346534653465347
2019,southern,w,33,74,0.308411214953271
2019,southland,m,30,89,0.25210084033613445
2019,southland,w,28,72,0.28
2019,summit,m,38,69,0.35514018691588783
2019,summit,w,43,60,0.4174757281553398
2019,sun_belt,m,62,69,0.4732824427480916
2019,sun_belt,w,65,57,0.5327868852459017
2019,swac,m,12,100,0.10714285714285714
2019,swac,w,14,75,0.15730337078651685
2019,wac,m,59,56,0.5130434782608696
2019,wac,w,24,74,0.24489795918367346
2019,wcc,m,87,49,0.6397058823529411
2019,wcc,w,68,38,0.6415094339622641
2020,a_sun,m,36,76,0.32142857142857145
2020,a_sun,w,48,54,0.47058823529411764
2020,a_ten,m,114,61,0.6514285714285715
2020,a_ten,w,94,86,0.5222222222222223
2020,aac,m,105,47,0.6907894736842105
2020,aac,w,86,70,0.5512820512820513
2020,acc,m,119,41,0.74375
2020,acc,w,112,55,0.6706586826347305
2020,aec,m,64,75,0.460431654676259
2020,aec,w,56,73,0.43410852713178294
2020,big_east,m,101,25,0.8015873015873016
2020,big_east,w,68,44,0.6071428571428571
2020,big_sky,m,39,54,0.41935483870967744
2020,big_sky,w,32,58,0.35555555555555557
2020,big_south,m,34,80,0.2982456140350877
2020,big_south,w,32,57,0.3595505617977528
2020,big_ten,m,111,39,0.74
2020,big_ten,w,123,33,0.7884615384615384
2020,big_twelve,m,94,33,0.7401574803149606
2020,big_twelve,w,90,24,0.7894736842105263
2020,big_west,m,44,76,0.36666666666666664
2020,big_west,w,38,73,0.34234234234234234
2020,caa,m,55,57,0.49107142857142855
2020,caa,w,52,54,0.49056603773584906
2020,cusa,m,67,83,0.44666666666666666
2020,cusa,w,82,62,0.5694444444444444
2020,horizon,m,40,73,0.35398230088495575
2020,horizon,w,39,63,0.38235294117647056
2020,ivy,m,48,56,0.46153846153846156
2020,ivy,w,68,34,0.6666666666666666
2020,maac,m,42,65,0.3925233644859813
2020,maac,w,35,64,0.35353535353535354
2020,mac,m,76,57,0.5714285714285714
2020,mac,w,73,55,0.5703125
2020,meac,m,21,113,0.15671641791044777
2020,meac,w,33,90,0.2682926829268293
2020,mvc,m,67,48,0.5826086956521739
2020,mvc,w,67,40,0.6261682242990654
2020,mwc,m,71,53,0.5725806451612904
2020,mwc,w,50,60,0.45454545454545453
2020,nec,m,41,90,0.31297709923664124
2020,nec,w,30,94,0.24193548387096775
2020,ovc,m,42,87,0.32558139534883723
2020,ovc,w,48,67,0.41739130434782606
2020,pac_twelve,m,112,39,0.7417218543046358
2020,pac_twelve,w,115,22,0.8394160583941606
2020,patriot,m,46,66,0.4107142857142857
2020,patriot,w,53,53,0.5
2020,sec,m,125,55,0.6944444444444444
2020,sec,w,134,46,0.7444444444444445
2020,southern,m,54,48,0.5294117647058824
2020,southern,w,31,74,0.29523809523809524
2020,southland,m,18,82,0.18
2020,southland,w,25,59,0.2976190476190476
2020,summit,m,41,63,0.3942307692307692
2020,summit,w,41,60,0.40594059405940597
2020,sun_belt,m,48,59,0.4485981308411215
2020,sun_belt,w,49,74,0.3983739837398374
2020,swac,m,12,96,0.1111111111111111
2020,swac,w,15,84,0.15151515151515152
2020,wac,m,37,71,0.3425925925925926
2020,wac,w,26,71,0.26804123711340205
2020,wcc,m,91,47,0.6594202898550725
2020,wcc,w,56,48,0.5384615384615384
2021,a_sun,m,17,34,0.3333333333333333
2021,a_sun,w,12,32,0.2727272727272727
2021,a_ten,m,42,33,0.56
2021,a_ten,w,30,31,0.4918032786885246
2021,aac,m,36,14,0.72
2021,aac,w,21,22,0.4883720930232558
2021,acc,m,62,23,0.7294117647058823
2021,acc,w,49,8,0.8596491228070176
2021,aec,m,10,19,0.3448275862068966
2021,aec,w,7,18,0.28
2021,big_east,m,42,15,0.7368421052631579
2021,big_east,w,25,15,0.625
2021,big_sky,m,9,32,0.21951219512195122
2021,big_sky,w,17,28,0.37777777777777777
2021,big_south,m,12,37,0.24489795918367346
2021,big_south,w,9,30,0.23076923076923078
2021,big_ten,m,67,14,0.8271604938271605
2021,big_ten,w,44,8,0.8461538461538461
2021,big_twelve,m,60,16,0.7894736842105263
2021,big_twelve,w,46,14,0.7666666666666667
2021,big_west,m,14,22,0.3888888888888889
2021,big_west,w,9,19,0.32142857142857145
2021,caa,m,24,34,0.41379310344827586
2021,caa,w,29,23,0.5576923076923077
2021,cusa,m,49,37,0.5697674418604651
2021,cusa,w,31,29,0.5166666666666667
2021,horizon,m,12,26,0.3157894736842105
2021,horizon,w,7,22,0.2413793103448276
2021,maac,m,11,16,0.4074074074074074
2021,maac,w,8,21,0.27586206896551724
2021,mac,m,21,27,0.4375
2021,mac,w,27,19,0.5869565217391305
2021,meac,m,13,48,0.21311475409836064
2021,meac,w,11,22,0.3333333333333333
2021,mvc,m,28,24,0.5384615384615384
2021,mvc,w,27,24,0.5294117647058824
2021,mwc,m,27,17,0.6136363636363636
2021,mwc,w,21,17,0.5526315789473685
2021,nec,m,6,18,0.25
2021,nec,w,9,12,0.42857142857142855
2021,ovc,m,22,35,0.38596491228070173
2021,ovc,w,19,26,0.4222222222222222
2021,pac_twelve,m,50,17,0.746268656716418
2021,pac_twelve,w,25,5,0.8333333333333334
2021,patriot,m,6,2,0.75
2021,patriot,w,3,6,0.3333333333333333
2021,sec,m,73,27,0.73
2021,sec,w,85,17,0.8333333333333334
2021,southern,m,34,23,0.5964912280701754
2021,southern,w,18,38,0.32142857142857145
2021,southland,m,11,69,0.1375
2021,southland,w,18,52,0.2571428571428571
2021,summit,m,6,46,0.11538461538461539
2021,summit,w,20,37,0.3508771929824561
2021,sun_belt,m,30,34,0.46875
2021,sun_belt,w,23,32,0.41818181818181815
2021,swac,m,7,44,0.13725490196078433
2021,swac,w,9,28,0.24324324324324326
2021,wac,m,14,37,0.27450980392156865
2021,wac,w,19,28,0.40425531914893614
2021,wcc,m,50,25,0.6666666666666666
2021,wcc,w,27,22,0.5510204081632653
2022,a_sun,m,41,83,0.33064516129032256
2022,a_sun,w,48,61,0.44036697247706424
2022,a_ten,m,98,66,0.5975609756097561
2022,a_ten,w,102,66,0.6071428571428571
2022,aac,m,82,42,0.6612903225806451
2022,aac,w,85,44,0.6589147286821705
2022,acc,m,106,53,0.6666666666666666
2022,acc,w,121,38,0.7610062893081762
2022,aec,m,37,60,0.38144329896907214
2022,aec,w,36,63,0.36363636363636365
2022,big_east,m,88,27,0.7652173913043478
2022,big_east,w,56,43,0.5656565656565656
2022,big_sky,m,31,56,0.3563218390804598
2022,big_sky,w,29,55,0.34523809523809523
2022,big_south,m,36,84,0.3
2022,big_south,w,31,79,0.2818181818181818
2022,big_ten,m,108,31,0.7769784172661871
2022,big_ten,w,101,47,0.6824324324324325
2022,big_twelve,m,105,22,0.8267716535433071
2022,big_twelve,w,84,24,0.7777777777777778
2022,big_west,m,37,56,0.3978494623655914
2022,big_west,w,33,56,0.3707865168539326
2022,caa,m,53,56,0.48623853211009177
2022,caa,w,52,42,0.5531914893617021
2022,cusa,m,78,68,0.5342465753424658
2022,cusa,w,74,55,0.5736434108527132
2022,horizon,m,25,69,0.26595744680851063
2022,horizon,w,25,42,0.373134328358209
2022,ivy,m,37,52,0.4157303370786517
2022,ivy,w,42,49,0.46153846153846156
2022,maac,m,50,47,0.5154639175257731
2022,maac,w,32,59,0.3516483516483517
2022,mac,m,49,61,0.44545454545454544
2022,mac,w,51,45,0.53125
2022,meac,m,21,64,0.24705882352941178
2022,meac,w,19,63,0.23170731707317074
2022,mvc,m,54,50,0.5192307692307693
2022,mvc,w,48,49,0.4948453608247423
2022,mwc,m,83,41,0.6693548387096774
2022,mwc,w,50,54,0.4807692307692308
2022,nec,m,28,76,0.2692307692307692
2022,nec,w,25,70,0.2631578947368421
2022,ovc,m,36,67,0.34951456310679613
2022,ovc,w,34,59,0.3655913978494624
2022,pac_twelve,m,82,41,0.6666666666666666
2022,pac_twelve,w,95,32,0.7480314960629921
2022,patriot,m,36,73,0.3302752293577982
2022,patriot,w,49,53,0.4803921568627451
2022,sec,m,129,47,0.7329545454545454
2022,sec,w,141,31,0.8197674418604651
2022,southern,m,58,46,0.5576923076923077
2022,southern,w,26,72,0.2653061224489796
2022,southland,m,16,61,0.2077922077922078
2022,southland,w,12,50,0.1935483870967742
2022,summit,m,39,58,0.4020618556701031
2022,summit,w,41,49,0.45555555555555555
2022,sun_belt,m,50,56,0.4716981132075472
2022,sun_belt,w,54,62,0.46551724137931033
2022,swac,m,13,114,0.10236220472440945
2022,swac,w,12,94,0.11320754716981132
2022,wac,m,60,69,0.46511627906976744
2022,wac,w,47,66,0.415929203539823
2022,wcc,m,81,51,0.6136363636363636
2022,wcc,w,61,44,0.580952380952381
2023,a_sun,m,64,77,0.45390070921985815
2023,a_sun,w,50,80,0.38461538461538464
2023,a_ten,m,109,78,0.5828877005347594
2023,a_ten,w,100,92,0.5208333333333334
2023,aac,m,84,52,0.6176470588235294
2023,aac,w,90,51,0.6382978723404256
2023,acc,m,108,52,0.675
2023,acc,w,139,31,0.8176470588235294
2023,aec,m,46,62,0.42592592592592593
2023,aec,w,38,64,0.37254901960784315
2023,big_east,m,82,38,0.6833333333333333
2023,big_east,w,80,26,0.7547169811320755
2023,big_sky,m,39,72,0.35135135135135137
2023,big_sky,w,46,54,0.46
2023,big_south,m,38,65,0.36893203883495146
2023,big_south,w,21,75,0.21875
2023,big_ten,m,115,37,0.756578947368421
2023,big_ten,w,117,37,0.7597402597402597
2023,big_twelve,m,107,22,0.8294573643410853
2023,big_twelve,w,94,23,0.8034188034188035
2023,big_west,m,49,60,0.44954128440366975
2023,big_west,w,34,61,0.35789473684210527
2023,caa,m,59,91,0.3933333333333333
2023,caa,w,60,71,0.4580152671755725
2023,cusa,m,66,34,0.66
2023,cusa,w,55,39,0.5851063829787234
2023,horizon,m,36,65,0.3564356435643564
2023,horizon,w,44,50,0.46808510638297873
2023,ind,m,7,41,0.14583333333333334
2023,ivy,m,49,48,0.5051546391752577
2023,ivy,w,54,45,0.5454545454545454
2023,maac,m,43,57,0.43
2023,maac,w,37,61,0.37755102040816324
2023,mac,m,56,77,0.42105263157894735
2023,mac,w,73,52,0.584
2023,meac,m,30,72,0.29411764705882354
2023,meac,w,27,72,0.2727272727272727
2023,mvc,m,64,55,0.5378151260504201
2023,mvc,w,55,56,0.4954954954954955
2023,mwc,m,90,39,0.6976744186046512
2023,mwc,w,51,64,0.4434782608695652
2023,nec,m,29,81,0.2636363636363636
2023,nec,w,28,77,0.26666666666666666
2023,ovc,m,31,69,0.31
2023,ovc,w,29,66,0.30526315789473685
2023,pac_twelve,m,83,48,0.6335877862595419
2023,pac_twelve,w,115,20,0.8518518518518519
2023,patriot,m,44,69,0.3893805309734513
2023,patriot,w,34,70,0.3269230769230769
2023,sec,m,133,49,0.7307692307692307
2023,sec,w,144,38,0.7912087912087912
2023,southern,m,40,64,0.38461538461538464
2023,southern,w,43,53,0.4479166666666667
2023,southland,m,23,78,0.22772277227722773
2023,southland,w,17,67,0.20238095238095238
2023,summit,m,41,62,0.39805825242718446
2023,summit,w,37,58,0.3894736842105263
2023,sun_belt,m,74,67,0.524822695035461
2023,sun_belt,w,60,71,0.4580152671755725
2023,swac,m,20,113,0.15037593984962405
2023,swac,w,16,102,0.13559322033898305
2023,wac,m,67,62,0.5193798449612403
2023,wac,w,49,74,0.3983739837398374
2023,wcc,m,81,51,0.6136363636363636
2023,wcc,w,54,48,0.5294117647058824
2023,ind,w,0,43,0
