Season,TeamID,odds,pct,act_pct
2022,1242,900,0.1,0.07341699917029061
2022,1314,12500,0.007936507936507936,0.00582674596589608
2022,1181,1400,0.06666666666666667,0.04894466611352707
2022,1437,1800,0.05263157894736842,0.038640525879100315
2022,1222,3300,0.029411764705882353,0.021593235050085473
2022,1116,6600,0.014925373134328358,0.010957761070192628
2022,1274,25000,0.00398406374501992,0.0029249800466251237
2022,1389,300000,3.332222592469177e-4,2.4464178330653317e-4
2022,1211,300,0.25,0.18354249792572652
2022,1112,600,0.14285714285714285,0.10488142738612943
2022,1345,1800,0.05263157894736842,0.038640525879100315
2022,1417,2200,0.043478260869565216,0.03192043442186548
2022,1403,2200,0.043478260869565216,0.03192043442186548
2022,1276,12500,0.007936507936507936,0.00582674596589608
2022,1344,15000,0.006622516556291391,0.0048620529251848085
2022,1235,25000,0.00398406374501992,0.0029249800466251237
2022,1124,1200,0.07692307692307693,0.05647461474637739
2022,1120,1400,0.06666666666666667,0.04894466611352707
2022,1397,1800,0.05263157894736842,0.038640525879100315
2022,1228,4000,0.024390243902439025,0.017906585163485516
2022,1400,8000,0.012345679012345678,0.0090638270580605685
2022,1458,8000,0.012345679012345678,0.0090638270580605685
2022,1388,12500,0.007936507936507936,0.00582674596589608
2022,1326,20000,0.004975124378109453,0.0036525870233975427
2022,1277,12500,0.007936507936507936,0.00582674596589608
2022,1272,12500,0.007936507936507936,0.00582674596589608
2022,1293,25000,0.00398406374501992,0.0029249800466251237
2022,1323,50000,0.001996007984031936,0.0014654091650756606
2022,1166,25000,0.00398406374501992,0.0029249800466251237
2022,1395,25000,0.00398406374501992,0.0029249800466251237
2022,1350,100000,9.99000999000999e-4,7.334365551477583e-4
2022,1308,100000,9.99000999000999e-4,7.334365551477583e-4
2022,1246,800,0.1111111111111111,0.08157444352254511
2022,1234,2500,0.038461538461538464,0.028237307373188695
2022,1163,8000,0.012345679012345678,0.0090638270580605685
2022,1104,12500,0.007936507936507936,0.00582674596589608
2022,1261,12500,0.007936507936507936,0.00582674596589608
2022,1260,15000,0.006622516556291391,0.0048620529251848085
2022,1439,15000,0.006622516556291391,0.0048620529251848085
2022,1425,20000,0.004975124378109453,0.0036525870233975427
2022,1266,20000,0.004975124378109453,0.0036525870233975427
2022,1362,20000,0.004975124378109453,0.0036525870233975427
2022,1361,20000,0.004975124378109453,0.0036525870233975427
2022,1231,25000,0.00398406374501992,0.0029249800466251237
2022,1161,25000,0.00398406374501992,0.0029249800466251237
2022,1129,25000,0.00398406374501992,0.0029249800466251237
2022,1172,25000,0.00398406374501992,0.0029249800466251237
2022,1371,25000,0.00398406374501992,0.0029249800466251237
2022,1461,50000,0.001996007984031936,0.0014654091650756606
2022,1355,50000,0.001996007984031936,0.0014654091650756606
2022,1436,50000,0.001996007984031936,0.0014654091650756606
2022,1353,50000,0.001996007984031936,0.0014654091650756606
2022,1412,100000,9.99000999000999e-4,7.334365551477583e-4
2022,1151,100000,9.99000999000999e-4,7.334365551477583e-4
2022,1286,200000,4.997501249375312e-4,3.669015450789136e-4
2022,1103,200000,4.997501249375312e-4,3.669015450789136e-4
2022,1240,300000,3.332222592469177e-4,2.4464178330653317e-4
2022,1159,300000,3.332222592469177e-4,2.4464178330653317e-4
2022,1174,300000,3.332222592469177e-4,2.4464178330653317e-4
2022,1255,300000,3.332222592469177e-4,2.4464178330653317e-4
2022,1463,300000,3.332222592469177e-4,2.4464178330653317e-4
2022,1313,300000,3.332222592469177e-4,2.4464178330653317e-4
2022,1209,300000,3.332222592469177e-4,2.4464178330653317e-4
2022,1168,500000,1.999600079984003e-4,1.468046374130986e-4
2022,1460,500000,1.999600079984003e-4,1.468046374130986e-4
2022,1136,500000,1.999600079984003e-4,1.468046374130986e-4
2022,1411,500000,1.999600079984003e-4,1.468046374130986e-4
2022,NA,500000,1.999600079984003e-4,1.468046374130986e-4
2021,1124,500,0.16666666666666666,0.08670824704965041
2021,1211,200,0.3333333333333333,0.17341649409930082
2021,1222,1600,0.058823529411764705,0.03060291072340603
2021,1417,12500,0.007936507936507936,0.004128964145221448
2021,1276,700,0.125,0.06503118528723781
2021,1425,3500,0.027777777777777776,0.014451374508275069
2021,1116,3500,0.027777777777777776,0.014451374508275069
2021,1333,15000,0.006622516556291391,0.003445360809919884
2021,1104,1600,0.058823529411764705,0.03060291072340603
2021,1260,4000,0.024390243902439025,0.012689011763363477
2021,1199,2000,0.047619047619047616,0.02477378487132869
2021,1166,2500,0.038461538461538464,0.02000959547299625
2021,1437,4000,0.024390243902439025,0.012689011763363477
2021,1332,5000,0.0196078431372549,0.010200970241135343
2021,1393,8000,0.012345679012345678,0.00642283311478892
2021,1331,25000,0.00398406374501992,0.002072707100788456
2021,1228,600,0.14285714285714285,0.07432135461398606
2021,1234,1600,0.058823529411764705,0.03060291072340603
2021,1329,1600,0.058823529411764705,0.03060291072340603
2021,1452,2000,0.047619047619047616,0.02477378487132869
2021,1403,2500,0.038461538461538464,0.02000959547299625
2021,1242,2500,0.038461538461538464,0.02000959547299625
2021,1328,3500,0.027777777777777776,0.014451374508275069
2021,1458,4000,0.024390243902439025,0.012689011763363477
2021,1160,6600,0.014925373134328358,0.007764917646237351
2021,1261,5000,0.0196078431372549,0.010200970241135343
2021,1353,6600,0.014925373134328358,0.007764917646237351
2021,1196,8000,0.012345679012345678,0.00642283311478892
2021,1268,10000,0.009900990099009901,0.00515098497324656
2021,1317,15000,0.006622516556291391,0.003445360809919884
2021,1325,20000,0.004975124378109453,0.0025883058820791167
2021,1101,100000,9.99000999000999e-4,5.197297525453571e-4
2021,1326,1600,0.058823529411764705,0.03060291072340603
2021,1400,2000,0.047619047619047616,0.02477378487132869
2021,1163,3300,0.029411764705882353,0.015301455361703015
2021,1397,4000,0.024390243902439025,0.012689011763363477
2021,1345,4000,0.024390243902439025,0.012689011763363477
2021,1438,5000,0.0196078431372549,0.010200970241135343
2021,1314,5000,0.0196078431372549,0.010200970241135343
2021,1361,5000,0.0196078431372549,0.010200970241135343
2021,1281,6600,0.014925373134328358,0.007764917646237351
2021,1439,6600,0.014925373134328358,0.007764917646237351
2021,1429,6600,0.014925373134328358,0.007764917646237351
2021,1155,8000,0.012345679012345678,0.00642283311478892
2021,1140,8000,0.012345679012345678,0.00642283311478892
2021,1277,10000,0.009900990099009901,0.00515098497324656
2021,1179,10000,0.009900990099009901,0.00515098497324656
2021,1210,10000,0.009900990099009901,0.00515098497324656
2021,1455,10000,0.009900990099009901,0.00515098497324656
2021,1433,10000,0.009900990099009901,0.00515098497324656
2021,1207,10000,0.009900990099009901,0.00515098497324656
2021,1382,10000,0.009900990099009901,0.00515098497324656
2021,1422,15000,0.006622516556291391,0.003445360809919884
2021,1457,15000,0.006622516556291391,0.003445360809919884
2021,1159,20000,0.004975124378109453,0.0025883058820791167
2021,1251,25000,0.00398406374501992,0.002072707100788456
2021,1364,25000,0.00398406374501992,0.002072707100788456
2021,1287,50000,0.001996007984031936,0.0010384221203550948
2021,1186,75000,0.0013315579227696406,6.92742319970576e-4
2021,1213,75000,0.0013315579227696406,6.92742319970576e-4
2021,1233,200000,4.997501249375312e-4,2.599947437770627e-4
2021,1111,200000,4.997501249375312e-4,2.599947437770627e-4
2021,1156,200000,4.997501249375312e-4,2.599947437770627e-4
2021,1180,200000,4.997501249375312e-4,2.599947437770627e-4
2021,1216,200000,4.997501249375312e-4,2.599947437770627e-4
2021,NA,200000,4.997501249375312e-4,2.599947437770627e-4
2021,1313,200000,4.997501249375312e-4,2.599947437770627e-4
2021,1411,200000,4.997501249375312e-4,2.599947437770627e-4
2019,1438,675,0.12903225806451613,0.10562015011887108
2019,1403,2500,0.038461538461538464,0.031482929362355805
2019,1277,1600,0.058823529411764705,0.04815036255419123
2019,1120,5000,0.0196078431372549,0.016050120851397075
2019,1181,255,0.28169014084507044,0.23057920096373266
2019,1211,550,0.15384615384615385,0.12593171744942322
2019,1246,1700,0.05555555555555555,0.04547534241229172
2019,1345,3500,0.027777777777777776,0.02273767120614586
2019,1314,1000,0.09090909090909091,0.07441419667465918
2019,1276,1800,0.05263157894736842,0.043081903337960574
2019,1222,5000,0.0196078431372549,0.016050120851397075
2019,1397,1800,0.05263157894736842,0.043081903337960574
2019,1439,8000,0.012345679012345678,0.010105631647175936
2019,1199,6000,0.01639344262295082,0.013418953498709031
2019,1332,20000,0.004975124378109453,0.00407241872348881
2019,1261,6600,0.014925373134328358,0.01221725617046643
2019,1138,10000,0.009900990099009901,0.008104516469517336
2019,1459,30000,0.0033222591362126247,0.002719455692429405
2019,1437,5000,0.0196078431372549,0.016050120851397075
2019,1242,6000,0.01639344262295082,0.013418953498709031
2019,1293,60000,0.0016638935108153079,0.001361990288554494
2019,1234,50000,0.001996007984031936,0.001633844637567367
2019,1268,25000,0.00398406374501992,0.0032611799339492065
2019,1196,20000,0.004975124378109453,0.00407241872348881
2019,1449,50000,0.001996007984031936,0.001633844637567367
2019,1416,50000,0.001996007984031936,0.001633844637567367
2019,1328,75000,0.0013315579227696406,0.0010899549446354872
2019,1326,100000,9.99000999000999e-4,8.177384249962546e-4
2019,1278,50000,0.001996007984031936,0.001633844637567367
2019,1124,100000,9.99000999000999e-4,8.177384249962546e-4
2019,1414,150000,6.662225183211193e-4,5.453405485817795e-4
2019,1251,200000,4.997501249375312e-4,4.0907354493815637e-4
2019,1235,4000,0.024390243902439025,0.019964784473689046
2019,1266,8000,0.012345679012345678,0.010105631647175936
2019,1153,9000,0.01098901098901099,0.008995122674958802
2019,1305,10000,0.009900990099009901,0.008104516469517336
2019,1243,10000,0.009900990099009901,0.008104516469517336
2019,1257,10000,0.009900990099009901,0.008104516469517336
2019,1458,12500,0.007936507936507936,0.006496477487470244
2019,1393,17500,0.005681818181818182,0.004650887292166199
2019,1280,20000,0.004975124378109453,0.00407241872348881
2019,1433,50000,0.001996007984031936,0.001633844637567367
2019,1388,50000,0.001996007984031936,0.001633844637567367
2019,1429,50000,0.001996007984031936,0.001633844637567367
2019,1308,50000,0.001996007984031936,0.001633844637567367
2019,1371,50000,0.001996007984031936,0.001633844637567367
2019,1279,50000,0.001996007984031936,0.001633844637567367
2019,1385,100000,9.99000999000999e-4,8.177384249962546e-4
2019,1113,100000,9.99000999000999e-4,8.177384249962546e-4
2019,1396,100000,9.99000999000999e-4,8.177384249962546e-4
2019,1125,100000,9.99000999000999e-4,8.177384249962546e-4
2019,1209,100000,9.99000999000999e-4,8.177384249962546e-4
2019,1318,100000,9.99000999000999e-4,8.177384249962546e-4
2019,1330,150000,6.662225183211193e-4,5.453405485817795e-4
2019,1463,150000,6.662225183211193e-4,5.453405485817795e-4
2019,1387,150000,6.662225183211193e-4,5.453405485817795e-4
2019,1285,150000,6.662225183211193e-4,5.453405485817795e-4
2019,1297,150000,6.662225183211193e-4,5.453405485817795e-4
2019,1436,200000,4.997501249375312e-4,4.0907354493815637e-4
2019,1233,200000,4.997501249375312e-4,4.0907354493815637e-4
2019,1159,250000,3.9984006397441024e-4,3.2729154874900073e-4
2019,1133,500000,1.999600079984003e-4,1.636784969848532e-4
2019,1295,500000,1.999600079984003e-4,1.636784969848532e-4
2019,1101,500000,1.999600079984003e-4,1.636784969848532e-4
2019,1192,500000,1.999600079984003e-4,1.636784969848532e-4
2019,1205,500000,1.999600079984003e-4,1.636784969848532e-4
2019,1300,500000,1.999600079984003e-4,1.636784969848532e-4
2019,1341,500000,1.999600079984003e-4,1.636784969848532e-4
2018,1437,570,0.14925373134328357,0.1283604328845998
2018,1276,1500,0.0625,0.053750931270426176
2018,1242,1450,0.06451612903225806,0.0554848322791496
2018,1260,38000,0.0026246719160104987,0.0022572569562383693
2018,1181,835,0.10695187165775401,0.09198020324351003
2018,1403,7500,0.013157894736842105,0.011315985530616036
2018,1199,32500,0.003067484662576687,0.002638082516339935
2018,1243,55000,0.0018148820326678765,0.0015608255904297982
2018,1211,2550,0.03773584905660377,0.032453392465162975
2018,1246,4400,0.022222222222222223,0.019111442229484864
2018,1345,1200,0.07692307692307693,0.06615499233283222
2018,1452,4400,0.022222222222222223,0.019111442229484864
2018,1401,23000,0.004329004329004329,0.003723008226523025
2018,1155,18000,0.0055248618784530384,0.004751463537717231
2018,1305,55000,0.0018148820326678765,0.0015608255904297982
2018,1393,130000,7.686395080707148e-4,6.610414299206909e-4
2018,1277,925,0.0975609756097561,0.08390389271481159
2018,1153,1675,0.056338028169014086,0.04845154368038416
2018,1314,1650,0.05714285714285714,0.04914370859010393
2018,1462,2450,0.0392156862745098,0.033726074522620345
2018,1397,5000,0.0196078431372549,0.016863037261310172
2018,1196,12000,0.008264462809917356,0.007107561159725775
2018,1120,8700,0.011363636363636364,0.00977289659462294
2018,1222,11000,0.009009009009009009,0.007747881984926296
2018,1325,8500,0.011627906976744186,0.010000173259614172
2018,NA,20500,0.0048543689320388345,0.004174829613236984
2018,1139,18000,0.0055248618784530384,0.004751463537717231
2018,1104,47500,0.0021008403361344537,0.0018067539922832327
2018,1348,38000,0.0026246719160104987,0.0022572569562383693
2018,1138,250000,3.9984006397441024e-4,3.4386841276562127e-4
2018,1420,999999,9.999010098000297e-5,8.59929767279858e-5
2018,1267,300000,3.332222592469177e-4,2.865761080729153e-4
2018,1438,620,0.1388888888888889,0.1194465139342804
2018,1112,1400,0.06666666666666667,0.05733432668845458
2018,1455,5800,0.01694915254237288,0.01457652373435286
2018,1395,21500,0.004629629629629629,0.003981550464476013
2018,1274,27000,0.0036900369003690036,0.003173486717073132
2018,1400,27000,0.0036900369003690036,0.003173486717073132
2018,1290,32500,0.003067484662576687,0.002638082516339935
2018,1439,35000,0.002849002849002849,0.0024501849012160083
2018,1116,38000,0.0026246719160104987,0.0022572569562383693
2018,1326,44000,0.0022675736961451248,0.0019501471662739655
2018,1301,48500,0.00205761316872428,0.0017695779842115615
2018,1417,55000,0.0018148820326678765,0.0015608255904297982
2018,1166,55000,0.0018148820326678765,0.0015608255904297982
2018,1344,55000,0.0018148820326678765,0.0015608255904297982
2018,1389,65000,0.0015360983102918587,0.0013210674352178476
2018,1172,75000,0.0013315579227696406,0.0011451596542301184
2018,1113,87500,0.001141552511415525,9.817521693228524e-4
2018,1380,110000,9.082652134423251e-4,7.81121617008918e-4
2018,1308,125000,7.993605115907274e-4,6.874619507008943e-4
2018,NA,200000,4.997501249375312e-4,4.297925538864662e-4
2018,1376,300000,3.332222592469177e-4,2.865761080729153e-4
2018,1158,400000,2.4993751562109475e-4,2.149499875848085e-4
2018,1422,400000,2.4993751562109475e-4,2.149499875848085e-4
2018,1137,500000,1.999600079984003e-4,1.7196858634809412e-4
2018,1233,999999,9.999010098000297e-5,8.59929767279858e-5
2018,1168,999999,9.999010098000297e-5,8.59929767279858e-5
2018,1372,999999,9.999010098000297e-5,8.59929767279858e-5
2018,1335,999999,9.999010098000297e-5,8.59929767279858e-5
2018,1411,999999,9.999010098000297e-5,8.59929767279858e-5
2018,1252,999999,9.999010098000297e-5,8.59929767279858e-5
2018,1298,999999,9.999010098000297e-5,8.59929767279858e-5
2018,1347,999999,9.999010098000297e-5,8.59929767279858e-5
2018,1254,999999,9.999010098000297e-5,8.59929767279858e-5
2018,1209,999999,9.999010098000297e-5,8.59929767279858e-5
2018,1284,999999,9.999010098000297e-5,8.59929767279858e-5
2018,1460,999999,9.999010098000297e-5,8.59929767279858e-5
2017,1314,535,0.15748031496062992,0.1304083062742678
2017,1211,925,0.0975609756097561,0.08078953608210737
2017,1332,2800,0.034482758620689655,0.02855492223591726
2017,1376,28000,0.0035587188612099642,0.0029469492698989343
2017,1242,875,0.10256410256410256,0.08493258921452312
2017,1246,1250,0.07407407407407407,0.061340203321600034
2017,1196,6300,0.015625,0.012938949138150009
2017,1462,52000,0.0019193857965451055,0.0015894294526710183
2017,1112,1100,0.08333333333333333,0.06900772873680004
2017,1417,1450,0.06451612903225806,0.053425338376877456
2017,1276,6800,0.014492753623188406,0.012001344128139139
2017,1458,8300,0.011904761904761904,0.009858246962400006
2017,1452,3650,0.02666666666666667,0.022082473195776015
2017,1124,5200,0.018867924528301886,0.01562439141210567
2017,1345,4000,0.024390243902439025,0.020197384020526843
2017,1139,8300,0.011904761904761904,0.009858246962400006
2017,1437,820,0.10869565217391304,0.09001008096104353
2017,1181,850,0.10526315789473684,0.08716765735174742
2017,1257,1900,0.05,0.04140463724208003
2017,1199,3750,0.025974025974025976,0.021508902463418196
2017,1455,8000,0.012345679012345678,0.010223367220266674
2017,1235,5300,0.018518518518518517,0.015335050830400009
2017,1323,7500,0.013157894736842105,0.010895957168968427
2017,1438,4400,0.022222222222222223,0.018402060996480014
2017,1388,10500,0.009433962264150943,0.007812195706052835
2017,1277,17000,0.005847953216374269,0.0048426476306526346
2017,1153,12500,0.007936507936507936,0.006572164641600004
2017,1348,30000,0.0033222591362126247,0.002751138687181397
2017,1292,40000,0.0024937655860349127,0.0020650691891311735
2017,1425,52000,0.0019193857965451055,0.0015894294526710183
2017,1116,31500,0.0031645569620253164,0.002620546660891141
2017,1321,55000,0.0018148820326678765,0.0015028906439956452
2017,1374,4500,0.021739130434782608,0.018002016192208706
2017,1268,16500,0.006024096385542169,0.0049885105110939795
2017,1329,17000,0.005847953216374269,0.0048426476306526346
2017,1274,23000,0.004329004329004329,0.003584817077236366
2017,1278,25000,0.00398406374501992,0.0032991742822374524
2017,1166,32500,0.003067484662576687,0.00254016179399264
2017,1439,34000,0.002932551319648094,0.0024284244716762477
2017,1371,34000,0.002932551319648094,0.0024284244716762477
2017,1173,35500,0.0028089887640449437,0.0023261032158471925
2017,1435,37000,0.0026954177897574125,0.002232055916015096
2017,1433,40000,0.0024937655860349127,0.0020650691891311735
2017,1243,41500,0.002403846153846154,0.001990607559715386
2017,1266,44500,0.002242152466367713,0.001856710190227804
2017,1448,50000,0.001996007984031936,0.0016528797302227554
2017,1344,75000,0.0013315579227696406,0.0011026534551818916
2017,1305,80000,0.0012484394506866417,0.001033823651487641
2017,1343,100000,9.99000999000999e-4,8.272654793622383e-4
2017,1190,150000,6.662225183211193e-4,5.516940338718191e-4
2017,1195,500000,1.999600079984003e-4,1.6558543188194372e-4
2017,1308,500000,1.999600079984003e-4,1.6558543188194372e-4
2017,1137,500000,1.999600079984003e-4,1.6558543188194372e-4
2017,1423,500000,1.999600079984003e-4,1.6558543188194372e-4
2017,1436,500000,1.999600079984003e-4,1.6558543188194372e-4
2017,1457,500000,1.999600079984003e-4,1.6558543188194372e-4
2017,1411,999999,9.999010098000297e-5,8.280107717751947e-5
2017,1355,999999,9.999010098000297e-5,8.280107717751947e-5
2017,1233,999999,9.999010098000297e-5,8.280107717751947e-5
2017,1245,999999,9.999010098000297e-5,8.280107717751947e-5
2017,1240,999999,9.999010098000297e-5,8.280107717751947e-5
2017,NA,999999,9.999010098000297e-5,8.280107717751947e-5
2017,1300,999999,9.999010098000297e-5,8.280107717751947e-5
2017,1309,999999,9.999010098000297e-5,8.280107717751947e-5
2017,1315,999999,9.999010098000297e-5,8.280107717751947e-5
2017,1297,999999,9.999010098000297e-5,8.280107717751947e-5
2017,1407,999999,9.999010098000297e-5,8.280107717751947e-5
2017,1413,999999,9.999010098000297e-5,8.280107717751947e-5
2016,1437,1500,0.0625,0.05219116894696413
2016,1314,580,0.14705882352941177,0.122802750463445
2016,1328,1600,0.058823529411764705,0.049121100185378005
2016,1393,27500,0.0036231884057971015,0.0030255750114182105
2016,1242,485,0.17094017094017094,0.14274507746178225
2016,1438,900,0.1,0.08350587031514262
2016,1332,2000,0.047619047619047616,0.0397647001500679
2016,1323,16000,0.006211180124223602,0.005186700019574075
2016,1231,5000,0.0196078431372549,0.016373700061792666
2016,1211,11500,0.008620689655172414,0.00719878192371919
2016,1401,3400,0.02857142857142857,0.023858820090040745
2016,1274,5300,0.018518518518518517,0.01546405005835974
2016,1181,3300,0.029411764705882353,0.024560550092689003
2016,1268,4500,0.021739130434782608,0.018153450068509262
2016,1235,6800,0.014492753623188406,0.012102300045672842
2016,1458,17500,0.005681818181818182,0.0047446517224512845
2016,1246,1200,0.07692307692307693,0.06423528485780201
2016,1462,3300,0.029411764705882353,0.024560550092689003
2016,1428,10000,0.009900990099009901,0.008267907951994318
2016,1455,12500,0.007936507936507936,0.006627450025011318
2016,1163,10000,0.009900990099009901,0.008267907951994318
2016,1234,10000,0.009900990099009901,0.008267907951994318
2016,1139,27500,0.0036231884057971015,0.0030255750114182105
2016,1344,32500,0.003067484662576687,0.002561529764268178
2016,1463,100000,9.99000999000999e-4,8.342244786727533e-4
2016,1433,18000,0.0055248618784530384,0.004613583995311746
2016,1386,25000,0.00398406374501992,0.003326927104188948
2016,1320,55000,0.0018148820326678765,0.001515533036572461
2016,1218,200000,4.997501249375312e-4,4.1732069123009795e-4
2016,1292,999999,9.999010098000297e-5,8.349760405234142e-5
2016,NA,55000,0.0018148820326678765,0.001515533036572461
2016,1114,175000,5.711022272986865e-4,4.769038852949321e-4
2016,1277,675,0.12903225806451613,0.10774951008405498
2016,1452,2300,0.041666666666666664,0.034794112631309417
2016,1345,4000,0.024390243902439025,0.02036728544271771
2016,1112,6000,0.01639344262295082,0.013689486936908624
2016,1143,6500,0.015151515151515152,0.012652404593203426
2016,1124,8500,0.011627906976744186,0.009709984920365419
2016,1400,10000,0.009900990099009901,0.008267907951994318
2016,1371,10000,0.009900990099009901,0.008267907951994318
2016,1153,20000,0.004975124378109453,0.004154520911201124
2016,1435,22500,0.004424778761061947,0.0036949500139443633
2016,1173,30000,0.0033222591362126247,0.002774281405818691
2016,1338,35000,0.002849002849002849,0.0023790846243630375
2016,1333,40000,0.0024937655860349127,0.0020824406562379703
2016,1276,47500,0.0021008403361344537,0.001754325006620643
2016,1160,70000,0.0014265335235378032,0.0011912392341675122
2016,1403,70000,0.0014265335235378032,0.0011912392341675122
2016,1425,80000,0.0012484394506866417,0.0010425202286534659
2016,1396,80000,0.0012484394506866417,0.0010425202286534659
2016,1409,100000,9.99000999000999e-4,8.342244786727533e-4
2016,1355,100000,9.99000999000999e-4,8.342244786727533e-4
2016,1151,300000,3.332222592469177e-4,2.782601476679194e-4
2016,1233,300000,3.332222592469177e-4,2.782601476679194e-4
2016,1423,300000,3.332222592469177e-4,2.782601476679194e-4
2016,1392,400000,2.4993751562109475e-4,2.0871249766344068e-4
2016,1138,500000,1.999600079984003e-4,1.6697834496129296e-4
2016,1122,999999,9.999010098000297e-5,8.349760405234142e-5
2016,1167,999999,9.999010098000297e-5,8.349760405234142e-5
2016,1192,999999,9.999010098000297e-5,8.349760405234142e-5
2016,1195,999999,9.999010098000297e-5,8.349760405234142e-5
2016,1201,999999,9.999010098000297e-5,8.349760405234142e-5
2016,1453,999999,9.999010098000297e-5,8.349760405234142e-5
2016,1214,999999,9.999010098000297e-5,8.349760405234142e-5
2016,1221,999999,9.999010098000297e-5,8.349760405234142e-5
2016,1380,999999,9.999010098000297e-5,8.349760405234142e-5
2016,1421,999999,9.999010098000297e-5,8.349760405234142e-5
2016,1451,999999,9.999010098000297e-5,8.349760405234142e-5
2015,1181,1000,0.09090909090909091,0.06157169785194613
2015,1458,700,0.125,0.08466108454642593
2015,1246,110,0.47619047619047616,0.3225184173197178
2015,1277,4000,0.024390243902439025,0.01651923600905872
2015,1112,850,0.10526315789473684,0.07129354488120078
2015,1211,1800,0.05263157894736842,0.03564677244060039
2015,1323,2800,0.034482758620689655,0.023354781943841635
2015,1257,6600,0.014925373134328358,0.010108786214498618
2015,1328,5000,0.0196078431372549,0.013280170124929557
2015,1455,6600,0.014925373134328358,0.010108786214498618
2015,1428,5000,0.0196078431372549,0.013280170124929557
2015,1314,4000,0.024390243902439025,0.01651923600905872
2015,1301,20000,0.004975124378109453,0.003369595404832873
2015,1462,20000,0.004975124378109453,0.003369595404832873
2015,1452,10000,0.009900990099009901,0.0067058284789248265
2015,1417,20000,0.004975124378109453,0.003369595404832873
2015,1437,800,0.1111111111111111,0.07525429737460082
2015,1438,1200,0.07692307692307693,0.05209912895164673
2015,1242,4000,0.024390243902439025,0.01651923600905872
2015,1320,8000,0.012345679012345678,0.00836158859717787
2015,1268,10000,0.009900990099009901,0.0067058284789248265
2015,1326,8000,0.012345679012345678,0.00836158859717787
2015,1139,15000,0.006622516556291391,0.004485355472658327
2015,1234,20000,0.004975124378109453,0.003369595404832873
2015,1207,10000,0.009900990099009901,0.0067058284789248265
2015,1332,30000,0.0033222591362126247,0.002250128492928264
2015,1116,15000,0.006622516556291391,0.004485355472658327
2015,1361,30000,0.0033222591362126247,0.002250128492928264
2015,1173,30000,0.0033222591362126247,0.002250128492928264
2015,1209,50000,0.001996007984031936,0.0013518736055317512
2015,1412,100000,9.99000999000999e-4,6.766120643071004e-4
2015,1153,30000,0.0033222591362126247,0.002250128492928264
2015,1235,2500,0.038461538461538464,0.026049564475823364
2015,1374,5000,0.0196078431372549,0.013280170124929557
2015,1124,6600,0.014925373134328358,0.010108786214498618
2015,1400,10000,0.009900990099009901,0.0067058284789248265
2015,1433,10000,0.009900990099009901,0.0067058284789248265
2015,1261,20000,0.004975124378109453,0.003369595404832873
2015,1208,20000,0.004975124378109453,0.003369595404832873
2015,1344,20000,0.004975124378109453,0.003369595404832873
2015,1385,20000,0.004975124378109453,0.003369595404832873
2015,1140,20000,0.004975124378109453,0.003369595404832873
2015,1172,20000,0.004975124378109453,0.003369595404832873
2015,1329,30000,0.0033222591362126247,0.002250128492928264
2015,1231,30000,0.0033222591362126247,0.002250128492928264
2015,1217,30000,0.0033222591362126247,0.002250128492928264
2015,1345,30000,0.0033222591362126247,0.002250128492928264
2015,1279,50000,0.001996007984031936,0.0013518736055317512
2015,1129,50000,0.001996007984031936,0.0013518736055317512
2015,1186,50000,0.001996007984031936,0.0013518736055317512
2015,1318,50000,0.001996007984031936,0.0013518736055317512
2015,NA,50000,0.001996007984031936,0.0013518736055317512
2015,1414,50000,0.001996007984031936,0.0013518736055317512
2015,1434,50000,0.001996007984031936,0.0013518736055317512
2015,1107,100000,9.99000999000999e-4,6.766120643071004e-4
2015,1138,100000,9.99000999000999e-4,6.766120643071004e-4
2015,1308,100000,9.99000999000999e-4,6.766120643071004e-4
2015,1461,100000,9.99000999000999e-4,6.766120643071004e-4
2015,1125,250000,3.9984006397441024e-4,2.708071476894872e-4
2015,1157,250000,3.9984006397441024e-4,2.708071476894872e-4
2015,1214,250000,3.9984006397441024e-4,2.708071476894872e-4
2015,1248,250000,3.9984006397441024e-4,2.708071476894872e-4
2015,1264,250000,3.9984006397441024e-4,2.708071476894872e-4
2015,1295,250000,3.9984006397441024e-4,2.708071476894872e-4
2015,1316,250000,3.9984006397441024e-4,2.708071476894872e-4
2015,1352,250000,3.9984006397441024e-4,2.708071476894872e-4
2015,1411,250000,3.9984006397441024e-4,2.708071476894872e-4
2015,1459,250000,3.9984006397441024e-4,2.708071476894872e-4
2014,1163,9500,0.010416666666666666,0.008028421895931195
2014,1246,5000,0.0196078431372549,0.015112323568811661
2014,1196,550,0.15384615384615385,0.11857361569375303
2014,1458,2200,0.043478260869565216,0.03350993486997368
2014,1112,800,0.1111111111111111,0.08563650022326608
2014,1277,550,0.15384615384615385,0.11857361569375303
2014,1276,3500,0.027777777777777776,0.02140912505581652
2014,1173,50000,0.001996007984031936,0.0015383802435317258
2014,1257,550,0.15384615384615385,0.11857361569375303
2014,1438,1500,0.0625,0.04817053137558717
2014,1417,3500,0.027777777777777776,0.02140912505581652
2014,1124,9000,0.01098901098901099,0.008469543978125217
2014,1235,3000,0.03225806451612903,0.024862209742238538
2014,1397,20000,0.004975124378109453,0.00383447015925072
2014,1361,8500,0.011627906976744186,0.008961959325690636
2014,1390,30000,0.0033222591362126247,0.0025605598073401817
2014,1242,1300,0.07142857142857142,0.0550520358578139
2014,1455,1500,0.0625,0.04817053137558717
2014,1393,1800,0.05263157894736842,0.040564658000494455
2014,1437,3000,0.03225806451612903,0.024862209742238538
2014,1166,4000,0.024390243902439025,0.018798256146570602
2014,1314,7500,0.013157894736842105,0.010141164500123614
2014,1338,10000,0.009900990099009901,0.0076309752674197494
2014,1332,10000,0.009900990099009901,0.0076309752674197494
2014,1400,12000,0.008264462809917356,0.006369657041399956
2014,1387,12500,0.007936507936507936,0.006116892873090434
2014,1272,12500,0.007936507936507936,0.006116892873090434
2014,1211,15000,0.006622516556291391,0.005104162264962879
2014,1217,50000,0.001996007984031936,0.0015383802435317258
2014,NA,12500,0.007936507936507936,0.006116892873090434
2014,1295,50000,0.001996007984031936,0.0015383802435317258
2014,1181,2000,0.047619047619047616,0.036701357238542606
2014,1329,6000,0.01639344262295082,0.012634893475563848
2014,1326,7500,0.013157894736842105,0.010141164500123614
2014,1328,9500,0.010416666666666666,0.008028421895931195
2014,1153,9500,0.010416666666666666,0.008028421895931195
2014,1307,12000,0.008264462809917356,0.006369657041399956
2014,1433,12000,0.008264462809917356,0.006369657041399956
2014,NA,15000,0.006622516556291391,0.005104162264962879
2014,1234,20000,0.004975124378109453,0.00383447015925072
2014,1344,30000,0.0033222591362126247,0.0025605598073401817
2014,1113,30000,0.0033222591362126247,0.0025605598073401817
2014,1304,40000,0.0024937655860349127,0.0019220162144872686
2014,1243,50000,0.001996007984031936,0.0015383802435317258
2014,1462,50000,0.001996007984031936,0.0015383802435317258
2014,1160,50000,0.001996007984031936,0.0015383802435317258
2014,1140,50000,0.001996007984031936,0.0015383802435317258
2014,1301,50000,0.001996007984031936,0.0015383802435317258
2014,1386,50000,0.001996007984031936,0.0015383802435317258
2014,1203,50000,0.001996007984031936,0.0015383802435317258
2013,1257,450,0.18181818181818182,0.11489718908667024
2013,1276,1800,0.05263157894736842,0.033259712630351906
2013,1393,2200,0.043478260869565216,0.027475414781595056
2013,1455,30000,0.0033222591362126247,0.002099450298925868
2013,1196,700,0.125,0.07899181749708578
2013,1326,1400,0.06666666666666667,0.042128969331779086
2013,1181,900,0.1,0.06319345399766862
2013,1266,5000,0.0196078431372549,0.0123908733328762
2013,1231,500,0.16666666666666666,0.1053224233294477
2013,1274,800,0.1111111111111111,0.07021494888629846
2013,1242,1000,0.09090909090909091,0.05744859454333512
2013,1277,1800,0.05263157894736842,0.033259712630351906
2013,1112,5000,0.0196078431372549,0.0123908733328762
2013,1332,12500,0.007936507936507936,0.005015353491878463
2013,1247,30000,0.0033222591362126247,0.002099450298925868
2013,1195,30000,0.0033222591362126247,0.002099450298925868
2013,1211,900,0.1,0.06319345399766862
2013,1387,2500,0.038461538461538464,0.024305174614487935
2013,1314,5000,0.0196078431372549,0.0123908733328762
2013,1272,8000,0.012345679012345678,0.007801660987366497
2013,1139,8000,0.012345679012345678,0.007801660987366497
2013,1278,10000,0.009900990099009901,0.006256777623531547
2013,1143,15000,0.006622516556291391,0.004184996953487989
2013,1235,20000,0.004975124378109453,0.0031439529352073944
2013,1361,12500,0.007936507936507936,0.005015353491878463
2013,1166,12500,0.007936507936507936,0.005015353491878463
2013,1228,20000,0.004975124378109453,0.0031439529352073944
2013,1279,20000,0.004975124378109453,0.0031439529352073944
2013,1161,30000,0.0033222591362126247,0.002099450298925868
2013,1207,1600,0.058823529411764705,0.0371726199986286
2013,1307,1600,0.058823529411764705,0.0371726199986286
2013,1458,2800,0.034482758620689655,0.021790846206092628
2013,1338,5000,0.0196078431372549,0.0123908733328762
2013,1433,5000,0.0196078431372549,0.0123908733328762
2013,1243,6600,0.014925373134328358,0.009431858805622183
2013,1301,6600,0.014925373134328358,0.009431858805622183
2013,1424,6600,0.014925373134328358,0.009431858805622183
2013,1329,10000,0.009900990099009901,0.006256777623531547
2013,1417,10000,0.009900990099009901,0.006256777623531547
2013,1281,12500,0.007936507936507936,0.005015353491878463
2013,1323,12500,0.007936507936507936,0.005015353491878463
2013,1153,20000,0.004975124378109453,0.0031439529352073944
2013,1396,20000,0.004975124378109453,0.0031439529352073944
2013,1172,25000,0.00398406374501992,0.002517667489946957
2013,1125,25000,0.00398406374501992,0.002517667489946957
2013,1103,25000,0.00398406374501992,0.002517667489946957
2013,1137,25000,0.00398406374501992,0.002517667489946957
2013,1328,30000,0.0033222591362126247,0.002099450298925868
2012,1246,185,0.3508771929824561,0.2206831720501247
2012,1242,1000,0.09090909090909091,0.05717700366753231
2012,1326,650,0.13333333333333333,0.08385960537904738
2012,1257,3300,0.029411764705882353,0.01849844236302516
2012,1393,1200,0.07692307692307693,0.04838054156483503
2012,1314,500,0.16666666666666666,0.10482450672380923
2012,1196,6600,0.014925373134328358,0.009387269258848589
2012,1124,2500,0.038461538461538464,0.024190270782417516
2012,1277,800,0.1111111111111111,0.06988300448253948
2012,1266,3500,0.027777777777777776,0.01747075112063487
2012,1458,5000,0.0196078431372549,0.01233229490868344
2012,1231,6600,0.014925373134328358,0.009387269258848589
2012,1153,6600,0.014925373134328358,0.009387269258848589
2012,1301,12500,0.007936507936507936,0.004991643177324249
2012,1462,20000,0.004975124378109453,0.0031290897529495294
2012,1325,30000,0.0033222591362126247,0.0020895250509729416
2012,1199,3300,0.029411764705882353,0.01849844236302516
2012,1435,4000,0.024390243902439025,0.0153401717156794
2012,1207,5000,0.0196078431372549,0.01233229490868344
2012,1243,10000,0.009900990099009901,0.006227198419236192
2012,1293,8000,0.012345679012345678,0.007764778275837721
2012,1307,6600,0.014925373134328358,0.009387269258848589
2012,1211,12500,0.007936507936507936,0.004991643177324249
2012,1378,15000,0.006622516556291391,0.004165212187701029
2012,1166,15000,0.006622516556291391,0.004165212187701029
2012,1387,15000,0.006622516556291391,0.004165212187701029
2012,1235,20000,0.004975124378109453,0.0031290897529495294
2012,1160,30000,0.0033222591362126247,0.0020895250509729416
2012,1433,30000,0.0033222591362126247,0.0020895250509729416
2012,1345,12500,0.007936507936507936,0.004991643177324249
2012,1250,30000,0.0033222591362126247,0.0020895250509729416
2012,1313,30000,0.0033222591362126247,0.0020895250509729416
2012,1181,1000,0.09090909090909091,0.05717700366753231
2012,1281,1200,0.07692307692307693,0.04838054156483503
2012,1455,5000,0.0196078431372549,0.01233229490868344
2012,1272,6600,0.014925373134328358,0.009387269258848589
2012,1276,6600,0.014925373134328358,0.009387269258848589
2012,1163,6600,0.014925373134328358,0.009387269258848589
2012,1424,10000,0.009900990099009901,0.006227198419236192
2012,1400,10000,0.009900990099009901,0.006227198419236192
2012,1140,12500,0.007936507936507936,0.004991643177324249
2012,1104,15000,0.006622516556291391,0.004165212187701029
2012,1323,15000,0.006622516556291391,0.004165212187701029
2012,1396,15000,0.006622516556291391,0.004165212187701029
2012,1452,15000,0.006622516556291391,0.004165212187701029
2012,1388,15000,0.006622516556291391,0.004165212187701029
2012,1438,20000,0.004975124378109453,0.0031290897529495294
2012,1125,20000,0.004975124378109453,0.0031290897529495294
2012,1436,20000,0.004975124378109453,0.0031290897529495294
2012,1379,25000,0.00398406374501992,0.0025057651009675512
2012,1217,25000,0.00398406374501992,0.0025057651009675512
2012,1172,30000,0.0033222591362126247,0.0020895250509729416
2011,1163,2500,0.038461538461538464,0.025178179591472567
2011,1139,20000,0.004975124378109453,0.0032568789521307795
2011,1246,1600,0.058823529411764705,0.03850780408107569
2011,1433,30000,0.0033222591362126247,0.0021748593667052715
2011,1242,400,0.2,0.13092653387565734
2011,1314,1800,0.05263157894736842,0.034454351019909825
2011,1196,2000,0.047619047619047616,0.03117298425610889
2011,1112,8000,0.012345679012345678,0.00808188480713934
2011,1326,450,0.18181818181818182,0.11902412170514304
2011,1181,400,0.2,0.13092653387565734
2011,1361,2000,0.047619047619047616,0.03117298425610889
2011,1458,5000,0.0196078431372549,0.012835934693691896
2011,1140,4000,0.024390243902439025,0.01596665047264114
2011,1199,25000,0.00398406374501992,0.0026080982843756442
2011,1350,30000,0.0033222591362126247,0.0021748593667052715
2011,1266,12500,0.007936507936507936,0.005195497376018148
2011,1338,700,0.125,0.08182908367228584
2011,1400,2000,0.047619047619047616,0.03117298425610889
2011,1393,2200,0.043478260869565216,0.028462289972968985
2011,1345,2500,0.038461538461538464,0.025178179591472567
2011,1243,5000,0.0196078431372549,0.012835934693691896
2011,1449,4000,0.024390243902439025,0.01596665047264114
2011,1452,10000,0.009900990099009901,0.006481511578002839
2011,1417,12500,0.007936507936507936,0.005195497376018148
2011,1396,15000,0.006622516556291391,0.004335315691246931
2011,1228,10000,0.009900990099009901,0.006481511578002839
2011,1276,25000,0.00398406374501992,0.0026080982843756442
2011,1206,25000,0.00398406374501992,0.0026080982843756442
2011,1287,40000,0.0024937655860349127,0.0016325004223897424
2011,1323,1800,0.05263157894736842,0.034454351019909825
2011,1257,2200,0.043478260869565216,0.028462289972968985
2011,1385,5000,0.0196078431372549,0.012835934693691896
2011,1277,8000,0.012345679012345678,0.00808188480713934
2011,1211,8000,0.012345679012345678,0.00808188480713934
2011,1207,10000,0.009900990099009901,0.006481511578002839
2011,1424,10000,0.009900990099009901,0.006481511578002839
2011,1429,10000,0.009900990099009901,0.006481511578002839
2011,1153,10000,0.009900990099009901,0.006481511578002839
2011,1281,12500,0.007936507936507936,0.005195497376018148
2011,1435,12500,0.007936507936507936,0.005195497376018148
2011,1330,12500,0.007936507936507936,0.005195497376018148
2011,1437,15000,0.006622516556291391,0.004335315691246931
2011,1397,20000,0.004975124378109453,0.0032568789521307795
2011,1125,20000,0.004975124378109453,0.0032568789521307795
2011,1336,22500,0.004424778761061947,0.0028966047317623305
2011,1462,25000,0.00398406374501992,0.0026080982843756442
2011,1401,25000,0.00398406374501992,0.0026080982843756442
2011,1425,25000,0.00398406374501992,0.0026080982843756442
2011,1272,25000,0.00398406374501992,0.0026080982843756442
2011,1155,25000,0.00398406374501992,0.0026080982843756442
2011,1208,30000,0.0033222591362126247,0.0021748593667052715
2011,1324,30000,0.0033222591362126247,0.0021748593667052715
2011,NA,40000,0.0024937655860349127,0.0016325004223897424
2011,1459,40000,0.0024937655860349127,0.0016325004223897424
2011,1412,50000,0.001996007984031936,0.0013066520346871988
2011,1103,50000,0.001996007984031936,0.0013066520346871988
2011,1137,50000,0.001996007984031936,0.0013066520346871988
2011,1232,50000,0.001996007984031936,0.0013066520346871988
2011,1294,50000,0.001996007984031936,0.0013066520346871988
2011,1343,50000,0.001996007984031936,0.0013066520346871988
2011,1364,50000,0.001996007984031936,0.0013066520346871988
2011,1106,100000,9.99000999000999e-4,6.539786906875991e-4
2011,1114,100000,9.99000999000999e-4,6.539786906875991e-4
2011,1131,100000,9.99000999000999e-4,6.539786906875991e-4
2011,1214,100000,9.99000999000999e-4,6.539786906875991e-4
2011,1254,100000,9.99000999000999e-4,6.539786906875991e-4
2011,1427,100000,9.99000999000999e-4,6.539786906875991e-4
2011,1421,100000,9.99000999000999e-4,6.539786906875991e-4
2010,1181,650,0.13333333333333333,0.0832708643833782
2010,1139,8000,0.012345679012345678,0.007710265220683167
2010,1452,1000,0.09090909090909091,0.05677558935230332
2010,1277,2500,0.038461538461538464,0.024020441649051406
2010,1246,300,0.25,0.15613287071883414
2010,1243,2000,0.047619047619047616,0.02973959442263507
2010,1124,3500,0.027777777777777776,0.017348096746537124
2010,1397,6600,0.014925373134328358,0.009321365416049799
2010,1393,700,0.125,0.07806643535941707
2010,1326,1200,0.07692307692307693,0.04804088329810281
2010,1462,8000,0.012345679012345678,0.007710265220683167
2010,1345,6000,0.01639344262295082,0.010238221030743223
2010,1449,20000,0.004975124378109453,0.003107121805349933
2010,1388,30000,0.0033222591362126247,0.0020748554248350053
2010,1320,25000,0.00398406374501992,0.0024881732385471575
2010,1165,30000,0.0033222591362126247,0.0020748554248350053
2010,1242,175,0.36363636363636365,0.22710235740921328
2010,1437,1800,0.05263157894736842,0.03287007804607034
2010,1458,5000,0.0196078431372549,0.012245715350496796
2010,1268,3300,0.029411764705882353,0.018368573025745193
2010,1338,5000,0.0196078431372549,0.012245715350496796
2010,1307,5000,0.0196078431372549,0.012245715350496796
2010,1140,10000,0.009900990099009901,0.006183480028468679
2010,1448,15000,0.006622516556291391,0.004135970085267129
2010,1210,10000,0.009900990099009901,0.006183480028468679
2010,1281,15000,0.006622516556291391,0.004135970085267129
2010,1143,10000,0.009900990099009901,0.006183480028468679
2010,1211,10000,0.009900990099009901,0.006183480028468679
2010,1401,10000,0.009900990099009901,0.006183480028468679
2010,1330,30000,0.0033222591362126247,0.0020748554248350053
2010,1325,30000,0.0033222591362126247,0.0020748554248350053
2010,1293,30000,0.0033222591362126247,0.0020748554248350053
2010,1207,2500,0.038461538461538464,0.024020441649051406
2010,1396,8000,0.012345679012345678,0.007710265220683167
2010,1435,8000,0.012345679012345678,0.007710265220683167
2010,1400,10000,0.009900990099009901,0.006183480028468679
2010,1257,10000,0.009900990099009901,0.006183480028468679
2010,1272,10000,0.009900990099009901,0.006183480028468679
2010,1266,10000,0.009900990099009901,0.006183480028468679
2010,1323,10000,0.009900990099009901,0.006183480028468679
2010,1329,10000,0.009900990099009901,0.006183480028468679
2010,1196,12500,0.007936507936507936,0.004956599070439179
2010,1155,15000,0.006622516556291391,0.004135970085267129
2010,1199,20000,0.004975124378109453,0.003107121805349933
2010,1278,20000,0.004975124378109453,0.003107121805349933
2010,1424,25000,0.00398406374501992,0.0024881732385471575
2010,1222,25000,0.00398406374501992,0.0024881732385471575
2010,1431,25000,0.00398406374501992,0.0024881732385471575
2010,1308,30000,0.0033222591362126247,0.0020748554248350053
2009,1314,400,0.2,0.13250048980550214
2009,1163,700,0.125,0.08281280612843883
2009,1277,1500,0.0625,0.041406403064219416
2009,1437,3000,0.03225806451612903,0.021371046742822922
2009,1257,450,0.18181818181818182,0.12045499073227466
2009,1338,500,0.16666666666666666,0.11041707483791843
2009,1272,900,0.1,0.06625024490275107
2009,1181,1000,0.09090909090909091,0.06022749536613733
2009,1328,1800,0.05263157894736842,0.034868549948816344
2009,1393,2000,0.047619047619047616,0.031547735667976695
2009,1211,2500,0.038461538461538464,0.025480863424135025
2009,1345,4000,0.024390243902439025,0.01615859631774416
2009,1281,4000,0.024390243902439025,0.01615859631774416
2009,1242,5000,0.0196078431372549,0.01299024409857864
2009,1462,10000,0.009900990099009901,0.006559430188391194
2009,1112,15000,0.006622516556291391,0.004387433437268282
2009,1448,2200,0.043478260869565216,0.028804454305543938
2009,1417,3000,0.03225806451612903,0.021371046742822922
2009,1452,5000,0.0196078431372549,0.01299024409857864
2009,1113,5000,0.0196078431372549,0.01299024409857864
2009,1449,5000,0.0196078431372549,0.01299024409857864
2009,1199,6500,0.015151515151515152,0.010037915894356222
2009,1155,8000,0.012345679012345678,0.00817904258058655
2009,1261,8000,0.012345679012345678,0.00817904258058655
2009,1400,10000,0.009900990099009901,0.006559430188391194
2009,1397,10000,0.009900990099009901,0.006559430188391194
2009,1425,10000,0.009900990099009901,0.006559430188391194
2009,1266,10000,0.009900990099009901,0.006559430188391194
2009,1130,10000,0.009900990099009901,0.006559430188391194
2009,1143,10000,0.009900990099009901,0.006559430188391194
2009,1329,10000,0.009900990099009901,0.006559430188391194
2009,1428,10000,0.009900990099009901,0.006559430188391194
2009,1458,15000,0.006622516556291391,0.004387433437268282
2009,1140,15000,0.006622516556291391,0.004387433437268282
2009,1228,15000,0.006622516556291391,0.004387433437268282
2009,1326,20000,0.004975124378109453,0.003296032084713983
2009,1401,20000,0.004975124378109453,0.003296032084713983
2009,1268,25000,0.00398406374501992,0.002639451988157413
2009,1139,25000,0.00398406374501992,0.002639451988157413
2009,1396,25000,0.00398406374501992,0.002639451988157413
2009,1280,30000,0.0033222591362126247,0.0022010048140448856
2009,1276,30000,0.0033222591362126247,0.0022010048140448856
2009,1433,30000,0.0033222591362126247,0.0022010048140448856
2009,1173,50000,0.001996007984031936,0.0013223601776996218
2009,1278,50000,0.001996007984031936,0.0013223601776996218
2009,1373,50000,0.001996007984031936,0.0013223601776996218
2009,1443,50000,0.001996007984031936,0.0013223601776996218
2009,1429,75000,0.0013315579227696406,8.821603848568717e-4
2009,1106,100000,9.99000999000999e-4,6.618406084190915e-4
2009,NA,100000,9.99000999000999e-4,6.618406084190915e-4
2009,1151,100000,9.99000999000999e-4,6.618406084190915e-4
2009,1156,100000,9.99000999000999e-4,6.618406084190915e-4
2009,1169,100000,9.99000999000999e-4,6.618406084190915e-4
2009,1190,100000,9.99000999000999e-4,6.618406084190915e-4
2009,1287,100000,9.99000999000999e-4,6.618406084190915e-4
2009,1288,100000,9.99000999000999e-4,6.618406084190915e-4
2009,1347,100000,9.99000999000999e-4,6.618406084190915e-4
2009,1352,100000,9.99000999000999e-4,6.618406084190915e-4
2009,1103,250000,3.9984006397441024e-4,2.648950216023633e-4
2009,1320,250000,3.9984006397441024e-4,2.648950216023633e-4
2009,1340,250000,3.9984006397441024e-4,2.648950216023633e-4
2009,1110,500000,1.999600079984003e-4,1.324739950065008e-4
2009,1165,500000,1.999600079984003e-4,1.324739950065008e-4
2009,1295,500000,1.999600079984003e-4,1.324739950065008e-4
2009,1372,500000,1.999600079984003e-4,1.324739950065008e-4
2008,1242,700,0.125,0.08032422375332608
2008,1314,400,0.2,0.12851875800532175
2008,1417,350,0.2222222222222222,0.14279862000591304
2008,1272,800,0.1111111111111111,0.07139931000295652
2008,1207,1000,0.09090909090909091,0.058417617275146244
2008,1397,1200,0.07692307692307693,0.04943029154050836
2008,1181,1500,0.0625,0.04016211187666304
2008,1390,1500,0.0625,0.04016211187666304
2008,1400,1500,0.0625,0.04016211187666304
2008,1257,2000,0.047619047619047616,0.030599704286981364
2008,1458,2000,0.047619047619047616,0.030599704286981364
2008,1155,3000,0.03225806451612903,0.020728831936342215
2008,1338,4000,0.024390243902439025,0.015673019268941674
2008,1425,4000,0.024390243902439025,0.015673019268941674
2008,1435,4000,0.024390243902439025,0.015673019268941674
2008,1450,4000,0.024390243902439025,0.015673019268941674
2008,1462,4000,0.024390243902439025,0.015673019268941674
2008,1163,5000,0.0196078431372549,0.012599878235815857
2008,1323,5000,0.0196078431372549,0.012599878235815857
2008,1266,6500,0.015151515151515152,0.009736269545857709
2008,1277,6500,0.015151515151515152,0.009736269545857709
2008,1345,6500,0.015151515151515152,0.009736269545857709
2008,1112,10000,0.009900990099009901,0.0063623147527387
2008,1116,10000,0.009900990099009901,0.0063623147527387
2008,1139,10000,0.009900990099009901,0.0063623147527387
2008,1140,10000,0.009900990099009901,0.0063623147527387
2008,1172,10000,0.009900990099009901,0.0063623147527387
2008,1179,10000,0.009900990099009901,0.0063623147527387
2008,1211,10000,0.009900990099009901,0.0063623147527387
2008,1231,10000,0.009900990099009901,0.0063623147527387
2008,1243,10000,0.009900990099009901,0.0063623147527387
2008,1245,10000,0.009900990099009901,0.0063623147527387
2008,1274,10000,0.009900990099009901,0.0063623147527387
2008,1280,10000,0.009900990099009901,0.0063623147527387
2008,1328,10000,0.009900990099009901,0.0063623147527387
2008,1332,10000,0.009900990099009901,0.0063623147527387
2008,1388,10000,0.009900990099009901,0.0063623147527387
2008,1424,10000,0.009900990099009901,0.0063623147527387
2008,1452,10000,0.009900990099009901,0.0063623147527387
2008,1124,25000,0.00398406374501992,0.002560134621619955
2008,1246,25000,0.00398406374501992,0.002560134621619955
2008,1375,25000,0.00398406374501992,0.002560134621619955
2008,1386,25000,0.00398406374501992,0.002560134621619955
2008,1401,25000,0.00398406374501992,0.002560134621619955
2008,1206,50000,0.001996007984031936,0.0012826223353824525
2008,1396,50000,0.001996007984031936,0.0012826223353824525
2008,1437,50000,0.001996007984031936,0.0012826223353824525
2008,1443,50000,0.001996007984031936,0.0012826223353824525
2008,1110,100000,9.99000999000999e-4,6.419518381884202e-4
2008,1122,100000,9.99000999000999e-4,6.419518381884202e-4
2008,1125,100000,9.99000999000999e-4,6.419518381884202e-4
2008,1164,100000,9.99000999000999e-4,6.419518381884202e-4
2008,1208,100000,9.99000999000999e-4,6.419518381884202e-4
2008,1290,100000,9.99000999000999e-4,6.419518381884202e-4
2008,NA,100000,9.99000999000999e-4,6.419518381884202e-4
2008,1340,100000,9.99000999000999e-4,6.419518381884202e-4
2008,1360,100000,9.99000999000999e-4,6.419518381884202e-4
2008,1420,100000,9.99000999000999e-4,6.419518381884202e-4
2008,1426,100000,9.99000999000999e-4,6.419518381884202e-4
2008,1129,500000,1.999600079984003e-4,1.2849305939344305e-4
2008,1165,500000,1.999600079984003e-4,1.2849305939344305e-4
2008,1168,500000,1.999600079984003e-4,1.2849305939344305e-4
2008,1331,500000,1.999600079984003e-4,1.2849305939344305e-4
2008,1373,500000,1.999600079984003e-4,1.2849305939344305e-4
2008,1457,500000,1.999600079984003e-4,1.2849305939344305e-4
2007,1196,400,0.2,0.1176686299592037
2007,1326,700,0.125,0.0735428937245023
2007,1417,800,0.1111111111111111,0.06537146108844649
2007,1207,800,0.1111111111111111,0.06537146108844649
2007,1314,500,0.16666666666666666,0.09805719163266974
2007,1242,600,0.14285714285714285,0.08404902139943121
2007,1272,1200,0.07692307692307693,0.045257165368924504
2007,1401,1200,0.07692307692307693,0.045257165368924504
2007,1458,1200,0.07692307692307693,0.045257165368924504
2007,1400,1500,0.0625,0.03677144686225115
2007,1268,2000,0.047619047619047616,0.02801634046647707
2007,1332,2000,0.047619047619047616,0.02801634046647707
2007,1338,2200,0.043478260869565216,0.025580136947652977
2007,1257,2500,0.038461538461538464,0.022628582684462252
2007,1450,3000,0.03225806451612903,0.01897881128374253
2007,1181,3500,0.027777777777777776,0.016342865272111623
2007,1323,4000,0.024390243902439025,0.01434983292185411
2007,1397,5000,0.0196078431372549,0.011536140192078794
2007,1356,6000,0.01639344262295082,0.009644969668787189
2007,1425,6000,0.01639344262295082,0.009644969668787189
2007,1246,7000,0.014084507042253521,0.00828652323656364
2007,1439,7000,0.014084507042253521,0.00828652323656364
2007,1210,7500,0.013157894736842105,0.007741357234158137
2007,1112,8000,0.012345679012345678,0.007263495676494055
2007,1277,8000,0.012345679012345678,0.007263495676494055
2007,1435,8000,0.012345679012345678,0.007263495676494055
2007,1437,8000,0.012345679012345678,0.007263495676494055
2007,1438,8000,0.012345679012345678,0.007263495676494055
2007,1231,10000,0.009900990099009901,0.005825179700950678
2007,1305,10000,0.009900990099009901,0.005825179700950678
2007,1424,10000,0.009900990099009901,0.005825179700950678
2007,1116,12500,0.007936507936507936,0.004669390077746178
2007,1130,12500,0.007936507936507936,0.004669390077746178
2007,1139,12500,0.007936507936507936,0.004669390077746178
2007,1266,12500,0.007936507936507936,0.004669390077746178
2007,1462,12500,0.007936507936507936,0.004669390077746178
2007,1140,15000,0.006622516556291391,0.003896312250304758
2007,1166,15000,0.006622516556291391,0.003896312250304758
2007,1211,20000,0.004975124378109453,0.002927080347243873
2007,1390,20000,0.004975124378109453,0.002927080347243873
2007,1345,25000,0.00398406374501992,0.0023439966127331412
2007,1228,30000,0.0033222591362126247,0.001954628404637935
2007,1330,30000,0.0033222591362126247,0.001954628404637935
2007,1403,30000,0.0033222591362126247,0.001954628404637935
2007,1203,40000,0.0024937655860349127,0.0014671898997406945
2007,1433,40000,0.0024937655860349127,0.0014671898997406945
2007,1457,40000,0.0024937655860349127,0.0014671898997406945
2007,1172,50000,0.001996007984031936,0.0011743376243433501
2007,1253,50000,0.001996007984031936,0.0011743376243433501
2007,1308,50000,0.001996007984031936,0.0011743376243433501
2007,1221,60000,0.0016638935108153079,9.789403490782337e-4
2007,NA,60000,0.0016638935108153079,9.789403490782337e-4
2007,1331,60000,0.0016638935108153079,9.789403490782337e-4
2007,1335,80000,0.0012484394506866417,7.345107987465899e-4
2007,1460,80000,0.0012484394506866417,7.345107987465899e-4
2007,1107,100000,9.99000999000999e-4,5.877553944016169e-4
2007,1317,100000,9.99000999000999e-4,5.877553944016169e-4
2007,1451,100000,9.99000999000999e-4,5.877553944016169e-4
2007,1125,200000,4.997501249375312e-4,2.940245626167009e-4
2007,1310,200000,4.997501249375312e-4,2.940245626167009e-4
2007,1394,300000,3.332222592469177e-4,1.9604903358747702e-4
2007,1148,500000,1.999600079984003e-4,1.1764510093901588e-4
2007,1184,500000,1.999600079984003e-4,1.1764510093901588e-4
2007,1197,500000,1.999600079984003e-4,1.1764510093901588e-4
2007,1238,500000,1.999600079984003e-4,1.1764510093901588e-4
2006,1196,2000,0.047619047619047616,0.027416528615026938
2006,1261,3500,0.027777777777777776,0.01599297502543238
2006,1417,1500,0.0625,0.035984193807222856
2006,1206,15000,0.006622516556291391,0.003812894708050104
2006,1181,400,0.2,0.11514942018311315
2006,1163,450,0.18181818181818182,0.1046812910755574
2006,1437,600,0.14285714285714285,0.08224958584508081
2006,1314,800,0.1111111111111111,0.06397190010172953
2006,1400,1000,0.09090909090909091,0.0523406455377787
2006,1272,1200,0.07692307692307693,0.044288238531966596
2006,1242,1500,0.0625,0.035984193807222856
2006,1326,1500,0.0625,0.035984193807222856
2006,1130,1800,0.05263157894736842,0.03030247899555609
2006,1211,2000,0.047619047619047616,0.027416528615026938
2006,1228,2000,0.047619047619047616,0.027416528615026938
2006,1338,2000,0.047619047619047616,0.027416528615026938
2006,1234,2500,0.038461538461538464,0.022144119265983298
2006,1397,2500,0.038461538461538464,0.022144119265983298
2006,1277,3500,0.027777777777777776,0.01599297502543238
2006,1449,3500,0.027777777777777776,0.01599297502543238
2006,1116,5000,0.0196078431372549,0.01128915884148168
2006,1203,5000,0.0196078431372549,0.01128915884148168
2006,1207,5000,0.0196078431372549,0.01128915884148168
2006,1305,5000,0.0196078431372549,0.01128915884148168
2006,1328,5000,0.0196078431372549,0.01128915884148168
2006,1393,5000,0.0196078431372549,0.01128915884148168
2006,1112,7500,0.013157894736842105,0.007575619748889022
2006,1143,7500,0.013157894736842105,0.007575619748889022
2006,1246,7500,0.013157894736842105,0.007575619748889022
2006,1266,7500,0.013157894736842105,0.007575619748889022
2006,1301,7500,0.013157894736842105,0.007575619748889022
2006,1320,7500,0.013157894736842105,0.007575619748889022
2006,1452,7500,0.013157894736842105,0.007575619748889022
2006,1458,7500,0.013157894736842105,0.007575619748889022
2006,1104,10000,0.009900990099009901,0.005700466345698671
2006,1231,10000,0.009900990099009901,0.005700466345698671
2006,1423,10000,0.009900990099009901,0.005700466345698671
2006,1412,10000,0.009900990099009901,0.005700466345698671
2006,1454,15000,0.006622516556291391,0.003812894708050104
2006,1361,15000,0.006622516556291391,0.003812894708050104
2006,1371,15000,0.006622516556291391,0.003812894708050104
2006,1356,15000,0.006622516556291391,0.003812894708050104
2006,1401,15000,0.006622516556291391,0.003812894708050104
2006,1455,15000,0.006622516556291391,0.003812894708050104
2006,1137,25000,0.00398406374501992,0.0022938131510580307
2006,1245,25000,0.00398406374501992,0.0022938131510580307
2006,1429,25000,0.00398406374501992,0.0022938131510580307
2006,1102,50000,0.001996007984031936,0.00114919581021071
2006,1133,50000,0.001996007984031936,0.00114919581021071
2006,1233,50000,0.001996007984031936,0.00114919581021071
2006,1293,50000,0.001996007984031936,0.00114919581021071
2006,1375,50000,0.001996007984031936,0.00114919581021071
2006,1462,50000,0.001996007984031936,0.00114919581021071
2006,1107,100000,9.99000999000999e-4,5.751719289865791e-4
2006,1125,100000,9.99000999000999e-4,5.751719289865791e-4
2006,1214,100000,9.99000999000999e-4,5.751719289865791e-4
2006,1284,100000,9.99000999000999e-4,5.751719289865791e-4
2006,1322,100000,9.99000999000999e-4,5.751719289865791e-4
2006,1331,100000,9.99000999000999e-4,5.751719289865791e-4
2006,1334,100000,9.99000999000999e-4,5.751719289865791e-4
2006,1335,100000,9.99000999000999e-4,5.751719289865791e-4
2006,1380,100000,9.99000999000999e-4,5.751719289865791e-4
2006,1172,500000,1.999600079984003e-4,1.1512639490413231e-4
2006,1285,500000,1.999600079984003e-4,1.1512639490413231e-4
2006,NA,500000,1.999600079984003e-4,1.1512639490413231e-4
2005,1314,350,0.2222222222222222,0.09199129041210899
2005,1228,400,0.2,0.0827921613708981
2005,1257,2500,0.038461538461538464,0.01592156949440348
2005,1277,600,0.14285714285714285,0.05913725812207007
2005,1181,400,0.2,0.0827921613708981
2005,1448,450,0.18181818181818182,0.075265601246271
2005,1163,700,0.125,0.05174510085681131
2005,1449,700,0.125,0.05174510085681131
2005,1329,800,0.1111111111111111,0.045995645206054495
2005,1112,1000,0.09090909090909091,0.0376328006231355
2005,1328,1000,0.09090909090909091,0.0376328006231355
2005,1242,1200,0.07692307692307693,0.03184313898880696
2005,1210,1200,0.07692307692307693,0.03184313898880696
2005,1246,1500,0.0625,0.025872550428405656
2005,1196,1800,0.05263157894736842,0.021787410887078446
2005,1393,2000,0.047619047619047616,0.019712419374023356
2005,1301,2000,0.047619047619047616,0.019712419374023356
2005,1458,2000,0.047619047619047616,0.019712419374023356
2005,1203,2500,0.038461538461538464,0.01592156949440348
2005,1104,3500,0.027777777777777776,0.011498911301513624
2005,1130,3500,0.027777777777777776,0.011498911301513624
2005,1211,3500,0.027777777777777776,0.011498911301513624
2005,1338,3500,0.027777777777777776,0.011498911301513624
2005,1153,5000,0.0196078431372549,0.008116878565774322
2005,1234,5000,0.0196078431372549,0.008116878565774322
2005,1437,5000,0.0196078431372549,0.008116878565774322
2005,1403,6000,0.01639344262295082,0.006786242735319517
2005,1278,6000,0.01639344262295082,0.006786242735319517
2005,1280,6000,0.01639344262295082,0.006786242735319517
2005,1307,6000,0.01639344262295082,0.006786242735319517
2005,1390,6000,0.01639344262295082,0.006786242735319517
2005,1428,6000,0.01639344262295082,0.006786242735319517
2005,1235,7500,0.013157894736842105,0.005446852721769611
2005,1400,7500,0.013157894736842105,0.005446852721769611
2005,1429,7500,0.013157894736842105,0.005446852721769611
2005,1431,7500,0.013157894736842105,0.005446852721769611
2005,1452,7500,0.013157894736842105,0.005446852721769611
2005,1150,10000,0.009900990099009901,0.00409862185004446
2005,1261,10000,0.009900990099009901,0.00409862185004446
2005,1305,10000,0.009900990099009901,0.00409862185004446
2005,1334,10000,0.009900990099009901,0.00409862185004446
2005,1356,10000,0.009900990099009901,0.00409862185004446
2005,1388,10000,0.009900990099009901,0.00409862185004446
2005,1417,10000,0.009900990099009901,0.00409862185004446
2005,1166,25000,0.00398406374501992,0.0016492462424481692
2005,NA,25000,0.00398406374501992,0.0016492462424481692
2005,1320,25000,0.00398406374501992,0.0016492462424481692
2005,1412,25000,0.00398406374501992,0.0016492462424481692
2005,1454,50000,0.001996007984031936,8.262690755578651e-4
2005,1325,50000,0.001996007984031936,8.262690755578651e-4
2005,1330,50000,0.001996007984031936,8.262690755578651e-4
2005,1335,50000,0.001996007984031936,8.262690755578651e-4
2005,1105,100000,9.99000999000999e-4,4.135472595948956e-4
2005,1137,100000,9.99000999000999e-4,4.135472595948956e-4
2005,1175,100000,9.99000999000999e-4,4.135472595948956e-4
2005,1192,100000,9.99000999000999e-4,4.135472595948956e-4
2005,1285,100000,9.99000999000999e-4,4.135472595948956e-4
2005,1310,100000,9.99000999000999e-4,4.135472595948956e-4
2005,1324,100000,9.99000999000999e-4,4.135472595948956e-4
2005,NA,100000,9.99000999000999e-4,4.135472595948956e-4
2005,1436,100000,9.99000999000999e-4,4.135472595948956e-4
2005,1416,500000,1.999600079984003e-4,8.277560624964816e-5
2005,1151,500000,1.999600079984003e-4,8.277560624964816e-5
2005,1184,500000,1.999600079984003e-4,8.277560624964816e-5
2005,NA,500000,1.999600079984003e-4,8.277560624964816e-5
2004,1163,450,0.18181818181818182,0.0761341710601146
2004,1181,400,0.2,0.08374758816612606
2004,1329,700,0.125,0.052342242603828776
2004,1210,1000,0.09090909090909091,0.0380670855300573
2004,1246,350,0.2222222222222222,0.09305287574014004
2004,1390,400,0.2,0.08374758816612606
2004,1211,700,0.125,0.052342242603828776
2004,1280,700,0.125,0.052342242603828776
2004,1386,900,0.1,0.04187379408306303
2004,1338,1000,0.09090909090909091,0.0380670855300573
2004,1448,1200,0.07692307692307693,0.0322106108331254
2004,1268,1200,0.07692307692307693,0.0322106108331254
2004,1314,1500,0.0625,0.026171121301914388
2004,1301,1800,0.05263157894736842,0.022038838991085802
2004,1242,2000,0.047619047619047616,0.019939901944315722
2004,1196,2500,0.038461538461538464,0.0161053054165627
2004,1400,2500,0.038461538461538464,0.0161053054165627
2004,1228,3000,0.03225806451612903,0.013507675510665491
2004,1458,3000,0.03225806451612903,0.013507675510665491
2004,1112,4000,0.024390243902439025,0.010213120508064152
2004,1153,4000,0.024390243902439025,0.010213120508064152
2004,1393,4000,0.024390243902439025,0.010213120508064152
2004,1344,4000,0.024390243902439025,0.010213120508064152
2004,1277,5000,0.0196078431372549,0.008210547859424122
2004,1257,5000,0.0196078431372549,0.008210547859424122
2004,1403,5000,0.0196078431372549,0.008210547859424122
2004,1150,5000,0.0196078431372549,0.008210547859424122
2004,1462,5000,0.0196078431372549,0.008210547859424122
2004,1140,5000,0.0196078431372549,0.008210547859424122
2004,1305,5000,0.0196078431372549,0.008210547859424122
2004,1177,5000,0.0196078431372549,0.008210547859424122
2004,1435,5000,0.0196078431372549,0.008210547859424122
2004,1444,5000,0.0196078431372549,0.008210547859424122
2004,1272,7500,0.013157894736842105,0.0055097097477714504
2004,1371,7500,0.013157894736842105,0.0055097097477714504
2004,1104,7500,0.013157894736842105,0.0055097097477714504
2004,1376,7500,0.013157894736842105,0.0055097097477714504
2004,1428,7500,0.013157894736842105,0.0055097097477714504
2004,1130,7500,0.013157894736842105,0.0055097097477714504
2004,1173,7500,0.013157894736842105,0.0055097097477714504
2004,1227,10000,0.009900990099009901,0.004145920206243864
2004,1350,10000,0.009900990099009901,0.004145920206243864
2004,1356,10000,0.009900990099009901,0.004145920206243864
2004,1412,10000,0.009900990099009901,0.004145920206243864
2004,1449,10000,0.009900990099009901,0.004145920206243864
2004,1264,25000,0.00398406374501992,0.0016682786487276105
2004,1334,25000,0.00398406374501992,0.0016682786487276105
2004,1431,25000,0.00398406374501992,0.0016682786487276105
2004,1416,50000,0.001996007984031936,8.358042731150304e-4
2004,1190,50000,0.001996007984031936,8.358042731150304e-4
2004,NA,50000,0.001996007984031936,8.358042731150304e-4
2004,1293,50000,0.001996007984031936,8.358042731150304e-4
2004,1320,50000,0.001996007984031936,8.358042731150304e-4
2004,1343,50000,0.001996007984031936,8.358042731150304e-4
2004,1102,75000,0.0013315579227696406,5.575738226772706e-4
2004,1433,75000,0.0013315579227696406,5.575738226772706e-4
2004,1106,100000,9.99000999000999e-4,4.183196212094208e-4
2004,1197,100000,9.99000999000999e-4,4.183196212094208e-4
2004,1250,100000,9.99000999000999e-4,4.183196212094208e-4
2004,1251,100000,9.99000999000999e-4,4.183196212094208e-4
2004,1284,100000,9.99000999000999e-4,4.183196212094208e-4
2004,1427,100000,9.99000999000999e-4,4.183196212094208e-4
2004,1436,100000,9.99000999000999e-4,4.183196212094208e-4
2004,1186,500000,1.999600079984003e-4,8.373084199772649e-5
2004,1434,500000,1.999600079984003e-4,8.373084199772649e-5
2003,1393,1800,0.05263157894736842,0.025992231175098773
2003,1400,800,0.1111111111111111,0.05487248803631963
2003,1242,700,0.125,0.06173154904085959
2003,1266,2200,0.043478260869565216,0.021471843144646813
2003,1246,250,0.2857142857142857,0.14110068352196475
2003,1112,300,0.25,0.12346309808171918
2003,1328,600,0.14285714285714285,0.07055034176098238
2003,1338,1000,0.09090909090909091,0.04489567202971607
2003,1181,1500,0.0625,0.030865774520429795
2003,1268,1800,0.05263157894736842,0.025992231175098773
2003,1163,2000,0.047619047619047616,0.023516780586994128
2003,1323,2500,0.038461538461538464,0.01899432278180295
2003,1277,3000,0.03225806451612903,0.015930722333125053
2003,1458,3500,0.027777777777777776,0.013718122009079908
2003,1120,15000,0.006622516556291391,0.0032705456445488524
2003,1139,25000,0.00398406374501992,0.0019675394116608633
2003,1196,1200,0.07692307692307693,0.0379886455636059
2003,1448,1500,0.0625,0.030865774520429795
2003,1228,1800,0.05263157894736842,0.025992231175098773
2003,1280,2000,0.047619047619047616,0.023516780586994128
2003,1462,2500,0.038461538461538464,0.01899432278180295
2003,1332,4000,0.024390243902439025,0.012045180300655529
2003,1390,4000,0.024390243902439025,0.012045180300655529
2003,1272,4000,0.024390243902439025,0.012045180300655529
2003,1261,4500,0.021739130434782608,0.010735921572323406
2003,1281,5000,0.0196078431372549,0.009683380241703465
2003,1329,5000,0.0196078431372549,0.009683380241703465
2003,1166,5000,0.0196078431372549,0.009683380241703465
2003,1386,5000,0.0196078431372549,0.009683380241703465
2003,1173,6000,0.01639344262295082,0.008095940857817651
2003,1153,7500,0.013157894736842105,0.006498057793774693
2003,1211,8000,0.012345679012345678,0.006096943115146625
2003,1143,8000,0.012345679012345678,0.006096943115146625
2003,1301,8000,0.012345679012345678,0.006096943115146625
2003,1104,10000,0.009900990099009901,0.004889627646800759
2003,1231,10000,0.009900990099009901,0.004889627646800759
2003,1113,10000,0.009900990099009901,0.004889627646800759
2003,1140,10000,0.009900990099009901,0.004889627646800759
2003,1345,10000,0.009900990099009901,0.004889627646800759
2003,1409,10000,0.009900990099009901,0.004889627646800759
2003,1335,15000,0.006622516556291391,0.0032705456445488524
2003,1141,15000,0.006622516556291391,0.0032705456445488524
2003,1160,15000,0.006622516556291391,0.0032705456445488524
2003,1454,15000,0.006622516556291391,0.0032705456445488524
2003,1428,17500,0.005681818181818182,0.0028059795018572542
2003,1356,20000,0.004975124378109453,0.002456977076253118
2003,1161,25000,0.00398406374501992,0.0019675394116608633
2003,1221,25000,0.00398406374501992,0.0019675394116608633
2003,1451,25000,0.00398406374501992,0.0019675394116608633
2003,1443,30000,0.0033222591362126247,0.0016407056223484277
2003,1264,30000,0.0033222591362126247,0.0016407056223484277
2003,1423,30000,0.0033222591362126247,0.0016407056223484277
2003,1360,30000,0.0033222591362126247,0.0016407056223484277
2003,1122,40000,0.0024937655860349127,0.0012315521005657772
2003,NA,50000,0.001996007984031936,9.85733318017718e-4
2003,1429,50000,0.001996007984031936,9.85733318017718e-4
2003,1190,75000,0.0013315579227696406,6.575930656815936e-4
2003,1358,100000,9.99000999000999e-4,4.933590332935831e-4
2003,1447,100000,9.99000999000999e-4,4.933590332935831e-4
2003,1237,300000,3.332222592469177e-4,1.6456260990565703e-4
2003,1354,300000,3.332222592469177e-4,1.6456260990565703e-4
2003,1411,300000,3.332222592469177e-4,1.6456260990565703e-4
2003,NA,300000,3.332222592469177e-4,1.6456260990565703e-4
2003,1436,300000,3.332222592469177e-4,1.6456260990565703e-4
2023,1222,550,0.15384615384615385,0.11057256893697887
2023,1242,800,0.1111111111111111,0.07985796645448473
2023,1104,800,0.1111111111111111,0.07985796645448473
2023,1345,1100,0.08333333333333333,0.05989347484086355
2023,1417,1200,0.07692307692307693,0.05528628446848943
2023,1112,1200,0.07692307692307693,0.05528628446848943
2023,1400,1600,0.058823529411764705,0.04227774694649192
2023,1163,1600,0.058823529411764705,0.04227774694649192
2023,1211,1800,0.05263157894736842,0.03782745779422961
2023,1124,1800,0.05263157894736842,0.03782745779422961
2023,1266,2500,0.038461538461538464,0.027643142234244716
2023,1181,3000,0.03225806451612903,0.023184570906140727
2023,1397,3000,0.03225806451612903,0.023184570906140727
2023,1231,3500,0.027777777777777776,0.019964491613621183
2023,1395,3500,0.027777777777777776,0.019964491613621183
2023,1246,4000,0.024390243902439025,0.01752979751439909
2023,1438,4000,0.024390243902439025,0.01752979751439909
2023,1166,4000,0.024390243902439025,0.01752979751439909
2023,1388,4000,0.024390243902439025,0.01752979751439909
2023,1116,5000,0.0196078431372549,0.014092582315497306
2023,1274,5000,0.0196078431372549,0.014092582315497306
2023,1401,5000,0.0196078431372549,0.014092582315497306
2023,1462,5000,0.0196078431372549,0.014092582315497306
2023,1243,5000,0.0196078431372549,0.014092582315497306
2023,1235,6600,0.014925373134328358,0.010727189523736755
2023,1228,8000,0.012345679012345678,0.008873107383831636
2023,1361,8000,0.012345679012345678,0.008873107383831636
2023,1268,8000,0.012345679012345678,0.008873107383831636
2023,1120,10000,0.009900990099009901,0.0071160564167362635
2023,1277,10000,0.009900990099009901,0.0071160564167362635
2023,1234,10000,0.009900990099009901,0.0071160564167362635
2023,1272,12500,0.007936507936507936,0.005704140461034624
2023,1452,12500,0.007936507936507936,0.005704140461034624
2023,1344,12500,0.007936507936507936,0.005704140461034624
2023,1336,15000,0.006622516556291391,0.004759746344969289
2023,1301,15000,0.006622516556291391,0.004759746344969289
2023,1321,15000,0.006622516556291391,0.004759746344969289
2023,1425,20000,0.004975124378109453,0.003575729841245585
2023,1113,20000,0.004975124378109453,0.003575729841245585
2023,1429,20000,0.004975124378109453,0.003575729841245585
2023,1129,20000,0.004975124378109453,0.003575729841245585
2023,1281,20000,0.004975124378109453,0.003575729841245585
2023,1338,20000,0.004975124378109453,0.003575729841245585
2023,1194,20000,0.004975124378109453,0.003575729841245585
2023,1433,25000,0.00398406374501992,0.0028634330601209667
2023,1331,25000,0.00398406374501992,0.0028634330601209667
2023,1158,25000,0.00398406374501992,0.0028634330601209667
2023,1280,25000,0.00398406374501992,0.0028634330601209667
2023,1233,50000,0.001996007984031936,0.0014345742476853543
2023,1179,50000,0.001996007984031936,0.0014345742476853543
2023,1305,50000,0.001996007984031936,0.0014345742476853543
2023,1245,50000,0.001996007984031936,0.0014345742476853543
2023,1202,50000,0.001996007984031936,0.0014345742476853543
2023,1418,50000,0.001996007984031936,0.0014345742476853543
2023,1364,100000,9.99000999000999e-4,7.180036943959667e-4
2023,1436,100000,9.99000999000999e-4,7.180036943959667e-4
2023,1159,100000,9.99000999000999e-4,7.180036943959667e-4
2023,1224,100000,9.99000999000999e-4,7.180036943959667e-4
2023,1286,100000,9.99000999000999e-4,7.180036943959667e-4
2023,1244,100000,9.99000999000999e-4,7.180036943959667e-4
2023,1421,100000,9.99000999000999e-4,7.180036943959667e-4
2023,1297,100000,9.99000999000999e-4,7.180036943959667e-4
2023,1369,100000,9.99000999000999e-4,7.180036943959667e-4
2023,NA,100000,9.99000999000999e-4,7.180036943959667e-4
2023,NA,100000,9.99000999000999e-4,7.180036943959667e-4
2023,1343,100000,9.99000999000999e-4,7.180036943959667e-4
2023,1213,100000,9.99000999000999e-4,7.180036943959667e-4
